📊 BINANCE_FULL_UNIVERSE: 524 USDT-M perpetual
━━━━━━━━━━━━━━━━━━━━━━━━━━━━━━━━━━━━━━━━━━━━━━━━━━━━━━━━━━━━━━━━━━━━━━━━━━━━━━━━
🚀 BINANCE FUTURES ELITE PRO — senaryo: binance_elite_8300_9005.env
━━━━━━━━━━━━━━━━━━━━━━━━━━━━━━━━━━━━━━━━━━━━━━━━━━━━━━━━━━━━━━━━━━━━━━━━━━━━━━━━
📡 Access: http://localhost:9005
💰 STARTING_BALANCE: $4,911 | ELITE_MAX_OPEN: 14
📐 TP: ELITE_TP_STAKE_PCT=0.007 × ELITE_TP_TRIGGER_FRAC=1.0 | SL: ELITE_SL_STAKE_PCT=0.022
🔧 Mode: DEMO canlı emir (demo-fapi) | watchlist: 524 sembol
━━━━━━━━━━━━━━━━━━━━━━━━━━━━━━━━━━━━━━━━━━━━━━━━━━━━━━━━━━━━━━━━━━━━━━━━━━━━━━━━
INFO:     Started server process [88613]
INFO:     Waiting for application startup.
  ✓ Demo cüzdan: $4,911.43 USDT (kullanılabilir $4,911.43) | canlı emir AÇIK
  📡 Mark WS (!markPrice@arr) — 524 sembol evreni
INFO:     Application startup complete.
INFO:     Uvicorn running on http://0.0.0.0:9005 (Press CTRL+C to quit)
INFO:     127.0.0.1:61771 - "WebSocket /ws" [accepted]
INFO:     connection open
INFO:     127.0.0.1:61774 - "WebSocket /ws" [accepted]
INFO:     connection open
INFO:     127.0.0.1:61785 - "GET / HTTP/1.1" 200 OK
INFO:     connection closed
INFO:     127.0.0.1:61789 - "WebSocket /ws" [accepted]
INFO:     connection open
  ✓ Borsa emri #143569691 LONG RDNTUSDT 3x qty=964568.0
✅ LONG RDNTUSDT @ $0.00 | 3x | stake=$1000 | kelly_raw=$1000 | score=0.77
🤖 Demo emir: RDNTUSDT LONG Δ+5.07%
  ✓ Borsa emri #205696480 SHORT SWELLUSDT 3x qty=476405.0
✅ SHORT SWELLUSDT @ $0.00 | 3x | stake=$250 | kelly_raw=$0 | score=0.77
🤖 Demo emir: SWELLUSDT SHORT Δ-4.76%
  ✓ Borsa emri #359440026 SHORT SLERFUSDT 3x qty=243203.0
✅ SHORT SLERFUSDT @ $0.00 | 3x | stake=$250 | kelly_raw=$0 | score=0.77
🤖 Demo emir: SLERFUSDT SHORT Δ-4.52%
  ✓ Borsa kapanış RDNTUSDT TP qty=964568.0
✅ Closed #1: RDNTUSDT | $119.55
  ✓ Borsa kapanış SLERFUSDT TP qty=243203.0
✅ Closed #3: SLERFUSDT | $29.27
  ✓ Borsa emri #101277241 SHORT PHBUSDT 3x qty=11539.0
✅ SHORT PHBUSDT @ $0.06 | 3x | stake=$250 | kelly_raw=$0 | score=0.72
🤖 Demo emir: PHBUSDT SHORT Δ-1.22%
  ✓ Borsa emri #318474460 LONG XPINUSDT 3x qty=2410045.0
✅ LONG XPINUSDT @ $0.00 | 3x | stake=$1000 | kelly_raw=$1000 | score=0.61
🤖 Demo emir: XPINUSDT LONG Δ+0.47%
  ✓ Borsa emri #119606848 SHORT VVVUSDT 3x qty=41.92
✅ SHORT VVVUSDT @ $17.89 | 3x | stake=$250 | kelly_raw=$0 | score=0.59
🤖 Demo emir: VVVUSDT SHORT Δ-0.33%
  ✓ Borsa kapanış SWELLUSDT TP qty=476405.0
✅ Closed #2: SWELLUSDT | $40.41
  ⛔ Borsa açılış başarısız YALAUSDT: Binance 400: {"code":-4005,"msg":"Quantity greater than max quantity."}
  ✓ Borsa emri #130549917 LONG ZRCUSDT 3x qty=1672445.0
✅ LONG ZRCUSDT @ $0.00 | 3x | stake=$956 | kelly_raw=$1000 | score=0.77
🤖 Demo emir: ZRCUSDT LONG Δ+2.68%
⚠️  SXPUSDT: compute_stake=0 (sermaye / max açık / Kelly)
⚠️  VOXELUSDT: compute_stake=0 (sermaye / max açık / Kelly)
⚠️  VINEUSDT: compute_stake=0 (sermaye / max açık / Kelly)
⚠️  TRUUSDT: compute_stake=0 (sermaye / max açık / Kelly)
⚠️  SKATEUSDT: compute_stake=0 (sermaye / max açık / Kelly)
⚠️  SPORTFUNUSDT: compute_stake=0 (sermaye / max açık / Kelly)
⚠️  ZKJUSDT: compute_stake=0 (sermaye / max açık / Kelly)
  ✓ Borsa kapanış ZRCUSDT SL-EMERGENCY qty=1672445.0
✅ Closed #7: ZRCUSDT | $-95.38
  ✓ Borsa emri #136175275 SHORT PLAYUSDT 3x qty=6254.0
✅ SHORT PLAYUSDT @ $0.12 | 3x | stake=$250 | kelly_raw=$0 | score=0.60
🤖 Demo emir: PLAYUSDT SHORT Δ-0.37%
  ✓ Borsa emri #51045551 LONG SPORTFUNUSDT 3x qty=33820.0
✅ LONG SPORTFUNUSDT @ $0.06 | 3x | stake=$706 | kelly_raw=$1000 | score=0.59
🤖 Demo emir: SPORTFUNUSDT LONG Δ+0.35%
⚠️  USELESSUSDT: compute_stake=0 (sermaye / max açık / Kelly)
⚠️  PENDLEUSDT: compute_stake=0 (sermaye / max açık / Kelly)
  ✓ Borsa kapanış VVVUSDT TP qty=41.92
✅ Closed #6: VVVUSDT | $1.11
  ✓ Borsa emri #109668298 LONG USELESSUSDT 3x qty=11415.0
✅ LONG USELESSUSDT @ $0.07 | 3x | stake=$250 | kelly_raw=$1000 | score=0.59
🤖 Demo emir: USELESSUSDT LONG Δ+0.34%
⚠️  WIFUSDT: compute_stake=0 (sermaye / max açık / Kelly)
⚠️  STRKUSDT: compute_stake=0 (sermaye / max açık / Kelly)
⚠️  WIFUSDT: compute_stake=0 (sermaye / max açık / Kelly)
⚠️  STRKUSDT: compute_stake=0 (sermaye / max açık / Kelly)
⚠️  WIFUSDT: compute_stake=0 (sermaye / max açık / Kelly)
⚠️  STRKUSDT: compute_stake=0 (sermaye / max açık / Kelly)
⚠️  NILUSDT: compute_stake=0 (sermaye / max açık / Kelly)
⚠️  STRKUSDT: compute_stake=0 (sermaye / max açık / Kelly)
⚠️  PENDLEUSDT: compute_stake=0 (sermaye / max açık / Kelly)
⚠️  PENGUUSDT: compute_stake=0 (sermaye / max açık / Kelly)
⚠️  NILUSDT: compute_stake=0 (sermaye / max açık / Kelly)
⚠️  KASUSDT: compute_stake=0 (sermaye / max açık / Kelly)
⚠️  GWEIUSDT: compute_stake=0 (sermaye / max açık / Kelly)
⚠️  PENGUUSDT: compute_stake=0 (sermaye / max açık / Kelly)
⚠️  STRKUSDT: compute_stake=0 (sermaye / max açık / Kelly)
  ✓ Borsa kapanış PLAYUSDT SL-EMERGENCY qty=6254.0
✅ Closed #8: PLAYUSDT | $-6.90
  ⛔ Borsa açılış başarısız YALAUSDT: Binance 400: {"code":-4005,"msg":"Quantity greater than max quantity."}
  ⛔ Borsa açılış başarısız SXPUSDT: Binance 400: {"code":-4131,"msg":"The counterparty's best price does not meet the PERCENT_PRICE filter limit."}
  ✓ Borsa emri #143732964 LONG VOXELUSDT 3x qty=64965.0
✅ LONG VOXELUSDT @ $0.01 | 3x | stake=$268 | kelly_raw=$1000 | score=0.77
🤖 Demo emir: VOXELUSDT LONG Δ+1.64%
⚠️  REIUSDT: compute_stake=0 (sermaye / max açık / Kelly)
⚠️  VINEUSDT: compute_stake=0 (sermaye / max açık / Kelly)
⚠️  TRUUSDT: compute_stake=0 (sermaye / max açık / Kelly)
⚠️  ZKJUSDT: compute_stake=0 (sermaye / max açık / Kelly)
⚠️  SKATEUSDT: compute_stake=0 (sermaye / max açık / Kelly)
⚠️  SAHARAUSDT: compute_stake=0 (sermaye / max açık / Kelly)
⚠️  RONINUSDT: compute_stake=0 (sermaye / max açık / Kelly)
  ✓ Borsa kapanış PHBUSDT TP qty=11539.0
✅ Closed #4: PHBUSDT | $6.38
  ✓ Borsa kapanış USELESSUSDT TP qty=11415.0
✅ Closed #10: USELESSUSDT | $1.50
  ✓ Borsa emri #109809311 SHORT NILUSDT 3x qty=13450.0
✅ SHORT NILUSDT @ $0.06 | 3x | stake=$250 | kelly_raw=$0 | score=0.66
🤖 Demo emir: NILUSDT SHORT Δ-0.82%
  ✓ Borsa emri #95534304 SHORT SYSUSDT 3x qty=186647.0
✅ SHORT SYSUSDT @ $0.00 | 3x | stake=$250 | kelly_raw=$0 | score=0.61
🤖 Demo emir: SYSUSDT SHORT Δ-0.46%
  ✓ Borsa kapanış VOXELUSDT TP qty=64965.0
✅ Closed #11: VOXELUSDT | $10.53
  ✓ Borsa kapanış SYSUSDT TP qty=186647.0
✅ Closed #13: SYSUSDT | $3.11
  ✓ Borsa emri #90975675 SHORT PROMUSDT 3x qty=704.7
✅ SHORT PROMUSDT @ $1.06 | 3x | stake=$250 | kelly_raw=$0 | score=0.60
🤖 Demo emir: PROMUSDT SHORT Δ-0.37%
  ✓ Borsa emri #109790152 LONG KOMAUSDT 3x qty=113119.0
✅ LONG KOMAUSDT @ $0.01 | 3x | stake=$268 | kelly_raw=$1000 | score=0.59
🤖 Demo emir: KOMAUSDT LONG Δ+0.33%
⚠️  ONDOUSDT: compute_stake=0 (sermaye / max açık / Kelly)
⚠️  TRUUSDT: compute_stake=0 (sermaye / max açık / Kelly)
  ✓ Borsa kapanış PROMUSDT TP qty=704.7
✅ Closed #14: PROMUSDT | $1.64
  ⛔ Borsa açılış başarısız WUSDT: Binance 400: {"code":-4005,"msg":"Quantity greater than max quantity."}
  ✓ Borsa emri #118367997 SHORT TRUUSDT 3x qty=617970.0
✅ SHORT TRUUSDT @ $0.00 | 3x | stake=$250 | kelly_raw=$0 | score=0.58
🤖 Demo emir: TRUUSDT SHORT Δ-0.28%
⚠️  SOLVUSDT: compute_stake=0 (sermaye / max açık / Kelly)
⚠️  WUSDT: compute_stake=0 (sermaye / max açık / Kelly)
⚠️  TRADOORUSDT: compute_stake=0 (sermaye / max açık / Kelly)
⚠️  SAPIENUSDT: compute_stake=0 (sermaye / max açık / Kelly)
⚠️  SOLVUSDT: compute_stake=0 (sermaye / max açık / Kelly)
⚠️  WUSDT: compute_stake=0 (sermaye / max açık / Kelly)
⚠️  TRADOORUSDT: compute_stake=0 (sermaye / max açık / Kelly)
⚠️  SOLVUSDT: compute_stake=0 (sermaye / max açık / Kelly)
⚠️  SAPIENUSDT: compute_stake=0 (sermaye / max açık / Kelly)
⚠️  SOLVUSDT: compute_stake=0 (sermaye / max açık / Kelly)
⚠️  SAPIENUSDT: compute_stake=0 (sermaye / max açık / Kelly)
⚠️  SOLVUSDT: compute_stake=0 (sermaye / max açık / Kelly)
⚠️  SAPIENUSDT: compute_stake=0 (sermaye / max açık / Kelly)
⚠️  SAPIENUSDT: compute_stake=0 (sermaye / max açık / Kelly)
⚠️  SOLVUSDT: compute_stake=0 (sermaye / max açık / Kelly)
⚠️  SAPIENUSDT: compute_stake=0 (sermaye / max açık / Kelly)
⚠️  SOLVUSDT: compute_stake=0 (sermaye / max açık / Kelly)
⚠️  SOLVUSDT: compute_stake=0 (sermaye / max açık / Kelly)
⚠️  ONDOUSDT: compute_stake=0 (sermaye / max açık / Kelly)
⚠️  JTOUSDT: compute_stake=0 (sermaye / max açık / Kelly)
⚠️  PROMPTUSDT: compute_stake=0 (sermaye / max açık / Kelly)
⚠️  WUSDT: compute_stake=0 (sermaye / max açık / Kelly)
⚠️  JTOUSDT: compute_stake=0 (sermaye / max açık / Kelly)
⚠️  MBOXUSDT: compute_stake=0 (sermaye / max açık / Kelly)
⚠️  FIDAUSDT: compute_stake=0 (sermaye / max açık / Kelly)
⚠️  SAPIENUSDT: compute_stake=0 (sermaye / max açık / Kelly)
⚠️  WUSDT: compute_stake=0 (sermaye / max açık / Kelly)
⚠️  DYMUSDT: compute_stake=0 (sermaye / max açık / Kelly)
⚠️  MITOUSDT: compute_stake=0 (sermaye / max açık / Kelly)
⚠️  MBOXUSDT: compute_stake=0 (sermaye / max açık / Kelly)
⚠️  FIDAUSDT: compute_stake=0 (sermaye / max açık / Kelly)
⚠️  SAPIENUSDT: compute_stake=0 (sermaye / max açık / Kelly)
⚠️  WUSDT: compute_stake=0 (sermaye / max açık / Kelly)
⚠️  DYMUSDT: compute_stake=0 (sermaye / max açık / Kelly)
⚠️  MITOUSDT: compute_stake=0 (sermaye / max açık / Kelly)
⚠️  MBOXUSDT: compute_stake=0 (sermaye / max açık / Kelly)
⚠️  SAPIENUSDT: compute_stake=0 (sermaye / max açık / Kelly)
⚠️  SAPIENUSDT: compute_stake=0 (sermaye / max açık / Kelly)
⚠️  WUSDT: compute_stake=0 (sermaye / max açık / Kelly)
⚠️  DYMUSDT: compute_stake=0 (sermaye / max açık / Kelly)
⚠️  MITOUSDT: compute_stake=0 (sermaye / max açık / Kelly)
⚠️  MBOXUSDT: compute_stake=0 (sermaye / max açık / Kelly)
⚠️  4USDT: compute_stake=0 (sermaye / max açık / Kelly)
⚠️  DYMUSDT: compute_stake=0 (sermaye / max açık / Kelly)
⚠️  SAPIENUSDT: compute_stake=0 (sermaye / max açık / Kelly)
⚠️  MITOUSDT: compute_stake=0 (sermaye / max açık / Kelly)
⚠️  MBOXUSDT: compute_stake=0 (sermaye / max açık / Kelly)
⚠️  4USDT: compute_stake=0 (sermaye / max açık / Kelly)
⚠️  DYMUSDT: compute_stake=0 (sermaye / max açık / Kelly)
⚠️  SAPIENUSDT: compute_stake=0 (sermaye / max açık / Kelly)
⚠️  MITOUSDT: compute_stake=0 (sermaye / max açık / Kelly)
⚠️  MBOXUSDT: compute_stake=0 (sermaye / max açık / Kelly)
⚠️  SAPIENUSDT: compute_stake=0 (sermaye / max açık / Kelly)
⚠️  MITOUSDT: compute_stake=0 (sermaye / max açık / Kelly)
⚠️  DYMUSDT: compute_stake=0 (sermaye / max açık / Kelly)
⚠️  DRIFTUSDT: compute_stake=0 (sermaye / max açık / Kelly)
⚠️  MBOXUSDT: compute_stake=0 (sermaye / max açık / Kelly)
⚠️  MBOXUSDT: compute_stake=0 (sermaye / max açık / Kelly)
⚠️  MITOUSDT: compute_stake=0 (sermaye / max açık / Kelly)
⚠️  MITOUSDT: compute_stake=0 (sermaye / max açık / Kelly)
⚠️  DYMUSDT: compute_stake=0 (sermaye / max açık / Kelly)
⚠️  DRIFTUSDT: compute_stake=0 (sermaye / max açık / Kelly)
⚠️  DRIFTUSDT: compute_stake=0 (sermaye / max açık / Kelly)
⚠️  MBOXUSDT: compute_stake=0 (sermaye / max açık / Kelly)
⚠️  MBOXUSDT: compute_stake=0 (sermaye / max açık / Kelly)
⚠️  MITOUSDT: compute_stake=0 (sermaye / max açık / Kelly)
⚠️  MITOUSDT: compute_stake=0 (sermaye / max açık / Kelly)
⚠️  DYMUSDT: compute_stake=0 (sermaye / max açık / Kelly)
⚠️  DYMUSDT: compute_stake=0 (sermaye / max açık / Kelly)
⚠️  DRIFTUSDT: compute_stake=0 (sermaye / max açık / Kelly)
⚠️  MBOXUSDT: compute_stake=0 (sermaye / max açık / Kelly)
⚠️  MBOXUSDT: compute_stake=0 (sermaye / max açık / Kelly)
⚠️  MITOUSDT: compute_stake=0 (sermaye / max açık / Kelly)
⚠️  MITOUSDT: compute_stake=0 (sermaye / max açık / Kelly)
⚠️  DYMUSDT: compute_stake=0 (sermaye / max açık / Kelly)
⚠️  DRIFTUSDT: compute_stake=0 (sermaye / max açık / Kelly)
⚠️  DRIFTUSDT: compute_stake=0 (sermaye / max açık / Kelly)
⚠️  MBOXUSDT: compute_stake=0 (sermaye / max açık / Kelly)
⚠️  CYSUSDT: compute_stake=0 (sermaye / max açık / Kelly)
⚠️  MITOUSDT: compute_stake=0 (sermaye / max açık / Kelly)
⚠️  DYMUSDT: compute_stake=0 (sermaye / max açık / Kelly)
⚠️  DRIFTUSDT: compute_stake=0 (sermaye / max açık / Kelly)
⚠️  DRIFTUSDT: compute_stake=0 (sermaye / max açık / Kelly)
⚠️  MBOXUSDT: compute_stake=0 (sermaye / max açık / Kelly)
⚠️  CYSUSDT: compute_stake=0 (sermaye / max açık / Kelly)
⚠️  MITOUSDT: compute_stake=0 (sermaye / max açık / Kelly)
⚠️  DYMUSDT: compute_stake=0 (sermaye / max açık / Kelly)
⚠️  DRIFTUSDT: compute_stake=0 (sermaye / max açık / Kelly)
⚠️  DRIFTUSDT: compute_stake=0 (sermaye / max açık / Kelly)
⚠️  MBOXUSDT: compute_stake=0 (sermaye / max açık / Kelly)
⚠️  CYSUSDT: compute_stake=0 (sermaye / max açık / Kelly)
⚠️  MITOUSDT: compute_stake=0 (sermaye / max açık / Kelly)
⚠️  DYMUSDT: compute_stake=0 (sermaye / max açık / Kelly)
⚠️  DRIFTUSDT: compute_stake=0 (sermaye / max açık / Kelly)
⚠️  BELUSDT: compute_stake=0 (sermaye / max açık / Kelly)
⚠️  CYSUSDT: compute_stake=0 (sermaye / max açık / Kelly)
⚠️  SKYAIUSDT: compute_stake=0 (sermaye / max açık / Kelly)
⚠️  CYSUSDT: compute_stake=0 (sermaye / max açık / Kelly)
⚠️  DRIFTUSDT: compute_stake=0 (sermaye / max açık / Kelly)
⚠️  DRIFTUSDT: compute_stake=0 (sermaye / max açık / Kelly)
⚠️  BELUSDT: compute_stake=0 (sermaye / max açık / Kelly)
⚠️  CYSUSDT: compute_stake=0 (sermaye / max açık / Kelly)
⚠️  SKYAIUSDT: compute_stake=0 (sermaye / max açık / Kelly)
⚠️  CYSUSDT: compute_stake=0 (sermaye / max açık / Kelly)
⚠️  DRIFTUSDT: compute_stake=0 (sermaye / max açık / Kelly)
⚠️  BELUSDT: compute_stake=0 (sermaye / max açık / Kelly)
⚠️  BELUSDT: compute_stake=0 (sermaye / max açık / Kelly)
⚠️  SKYAIUSDT: compute_stake=0 (sermaye / max açık / Kelly)
⚠️  SKYAIUSDT: compute_stake=0 (sermaye / max açık / Kelly)
⚠️  DRIFTUSDT: compute_stake=0 (sermaye / max açık / Kelly)
⚠️  CYSUSDT: compute_stake=0 (sermaye / max açık / Kelly)
⚠️  BELUSDT: compute_stake=0 (sermaye / max açık / Kelly)
⚠️  SKYAIUSDT: compute_stake=0 (sermaye / max açık / Kelly)
⚠️  CYSUSDT: compute_stake=0 (sermaye / max açık / Kelly)
⚠️  AIUSDT: compute_stake=0 (sermaye / max açık / Kelly)
⚠️  BELUSDT: compute_stake=0 (sermaye / max açık / Kelly)
⚠️  AIUSDT: compute_stake=0 (sermaye / max açık / Kelly)
⚠️  BELUSDT: compute_stake=0 (sermaye / max açık / Kelly)
⚠️  CYSUSDT: compute_stake=0 (sermaye / max açık / Kelly)
⚠️  AIUSDT: compute_stake=0 (sermaye / max açık / Kelly)
⚠️  BELUSDT: compute_stake=0 (sermaye / max açık / Kelly)
⚠️  CYSUSDT: compute_stake=0 (sermaye / max açık / Kelly)
⚠️  CYSUSDT: compute_stake=0 (sermaye / max açık / Kelly)
⚠️  AIUSDT: compute_stake=0 (sermaye / max açık / Kelly)
⚠️  BELUSDT: compute_stake=0 (sermaye / max açık / Kelly)
⚠️  AIUSDT: compute_stake=0 (sermaye / max açık / Kelly)
⚠️  AIUSDT: compute_stake=0 (sermaye / max açık / Kelly)
⚠️  FIDAUSDT: compute_stake=0 (sermaye / max açık / Kelly)
⚠️  AIUSDT: compute_stake=0 (sermaye / max açık / Kelly)
⚠️  FIDAUSDT: compute_stake=0 (sermaye / max açık / Kelly)
⚠️  FIDAUSDT: compute_stake=0 (sermaye / max açık / Kelly)
⚠️  AIUSDT: compute_stake=0 (sermaye / max açık / Kelly)
⚠️  FIDAUSDT: compute_stake=0 (sermaye / max açık / Kelly)
⚠️  FIDAUSDT: compute_stake=0 (sermaye / max açık / Kelly)
⚠️  AIUSDT: compute_stake=0 (sermaye / max açık / Kelly)
⚠️  AIUSDT: compute_stake=0 (sermaye / max açık / Kelly)
⚠️  1000WHYUSDT: compute_stake=0 (sermaye / max açık / Kelly)
⚠️  FIDAUSDT: compute_stake=0 (sermaye / max açık / Kelly)
⚠️  MLNUSDT: compute_stake=0 (sermaye / max açık / Kelly)
⚠️  ONDOUSDT: compute_stake=0 (sermaye / max açık / Kelly)
⚠️  1000WHYUSDT: compute_stake=0 (sermaye / max açık / Kelly)
⚠️  MLNUSDT: compute_stake=0 (sermaye / max açık / Kelly)
⚠️  MLNUSDT: compute_stake=0 (sermaye / max açık / Kelly)
⚠️  ONDOUSDT: compute_stake=0 (sermaye / max açık / Kelly)
⚠️  ONDOUSDT: compute_stake=0 (sermaye / max açık / Kelly)
⚠️  1000WHYUSDT: compute_stake=0 (sermaye / max açık / Kelly)
⚠️  MLNUSDT: compute_stake=0 (sermaye / max açık / Kelly)
⚠️  ONDOUSDT: compute_stake=0 (sermaye / max açık / Kelly)
⚠️  VELVETUSDT: compute_stake=0 (sermaye / max açık / Kelly)
⚠️  1000WHYUSDT: compute_stake=0 (sermaye / max açık / Kelly)
⚠️  MLNUSDT: compute_stake=0 (sermaye / max açık / Kelly)
⚠️  HUMAUSDT: compute_stake=0 (sermaye / max açık / Kelly)
⚠️  HOMEUSDT: compute_stake=0 (sermaye / max açık / Kelly)
⚠️  TRIAUSDT: compute_stake=0 (sermaye / max açık / Kelly)
⚠️  VELVETUSDT: compute_stake=0 (sermaye / max açık / Kelly)
⚠️  VELVETUSDT: compute_stake=0 (sermaye / max açık / Kelly)
⚠️  1000WHYUSDT: compute_stake=0 (sermaye / max açık / Kelly)
⚠️  MLNUSDT: compute_stake=0 (sermaye / max açık / Kelly)
⚠️  HUMAUSDT: compute_stake=0 (sermaye / max açık / Kelly)
⚠️  HOMEUSDT: compute_stake=0 (sermaye / max açık / Kelly)
⚠️  TRIAUSDT: compute_stake=0 (sermaye / max açık / Kelly)
⚠️  VELVETUSDT: compute_stake=0 (sermaye / max açık / Kelly)
⚠️  VELVETUSDT: compute_stake=0 (sermaye / max açık / Kelly)
⚠️  1000WHYUSDT: compute_stake=0 (sermaye / max açık / Kelly)
⚠️  MLNUSDT: compute_stake=0 (sermaye / max açık / Kelly)
⚠️  HUMAUSDT: compute_stake=0 (sermaye / max açık / Kelly)
⚠️  VELVETUSDT: compute_stake=0 (sermaye / max açık / Kelly)
⚠️  HOMEUSDT: compute_stake=0 (sermaye / max açık / Kelly)
⚠️  TRIAUSDT: compute_stake=0 (sermaye / max açık / Kelly)
⚠️  MLNUSDT: compute_stake=0 (sermaye / max açık / Kelly)
⚠️  VELVETUSDT: compute_stake=0 (sermaye / max açık / Kelly)
⚠️  MLNUSDT: compute_stake=0 (sermaye / max açık / Kelly)
⚠️  VELVETUSDT: compute_stake=0 (sermaye / max açık / Kelly)
⚠️  MLNUSDT: compute_stake=0 (sermaye / max açık / Kelly)
⚠️  VELVETUSDT: compute_stake=0 (sermaye / max açık / Kelly)
⚠️  MOVEUSDT: compute_stake=0 (sermaye / max açık / Kelly)
⚠️  SPACEUSDT: compute_stake=0 (sermaye / max açık / Kelly)
⚠️  MOVEUSDT: compute_stake=0 (sermaye / max açık / Kelly)
⚠️  SPACEUSDT: compute_stake=0 (sermaye / max açık / Kelly)
⚠️  MOVEUSDT: compute_stake=0 (sermaye / max açık / Kelly)
⚠️  SPACEUSDT: compute_stake=0 (sermaye / max açık / Kelly)
⚠️  STABLEUSDT: compute_stake=0 (sermaye / max açık / Kelly)
⚠️  MOVEUSDT: compute_stake=0 (sermaye / max açık / Kelly)
⚠️  AIUSDT: compute_stake=0 (sermaye / max açık / Kelly)
⚠️  SPACEUSDT: compute_stake=0 (sermaye / max açık / Kelly)
⚠️  HOMEUSDT: compute_stake=0 (sermaye / max açık / Kelly)
⚠️  STABLEUSDT: compute_stake=0 (sermaye / max açık / Kelly)
⚠️  MOVEUSDT: compute_stake=0 (sermaye / max açık / Kelly)
⚠️  AIUSDT: compute_stake=0 (sermaye / max açık / Kelly)
⚠️  SPACEUSDT: compute_stake=0 (sermaye / max açık / Kelly)
⚠️  HOMEUSDT: compute_stake=0 (sermaye / max açık / Kelly)
⚠️  STABLEUSDT: compute_stake=0 (sermaye / max açık / Kelly)
⚠️  MOVEUSDT: compute_stake=0 (sermaye / max açık / Kelly)
⚠️  AIUSDT: compute_stake=0 (sermaye / max açık / Kelly)
⚠️  SPACEUSDT: compute_stake=0 (sermaye / max açık / Kelly)
⚠️  HOMEUSDT: compute_stake=0 (sermaye / max açık / Kelly)
⚠️  STABLEUSDT: compute_stake=0 (sermaye / max açık / Kelly)
⚠️  VELVETUSDT: compute_stake=0 (sermaye / max açık / Kelly)
⚠️  STABLEUSDT: compute_stake=0 (sermaye / max açık / Kelly)
⚠️  VELVETUSDT: compute_stake=0 (sermaye / max açık / Kelly)
⚠️  STABLEUSDT: compute_stake=0 (sermaye / max açık / Kelly)
⚠️  SPACEUSDT: compute_stake=0 (sermaye / max açık / Kelly)
⚠️  IOUSDT: compute_stake=0 (sermaye / max açık / Kelly)
⚠️  STABLEUSDT: compute_stake=0 (sermaye / max açık / Kelly)
⚠️  MLNUSDT: compute_stake=0 (sermaye / max açık / Kelly)
⚠️  SPACEUSDT: compute_stake=0 (sermaye / max açık / Kelly)
⚠️  HOMEUSDT: compute_stake=0 (sermaye / max açık / Kelly)
⚠️  COOKIEUSDT: compute_stake=0 (sermaye / max açık / Kelly)
⚠️  STABLEUSDT: compute_stake=0 (sermaye / max açık / Kelly)
⚠️  MLNUSDT: compute_stake=0 (sermaye / max açık / Kelly)
⚠️  SPACEUSDT: compute_stake=0 (sermaye / max açık / Kelly)
⚠️  HOMEUSDT: compute_stake=0 (sermaye / max açık / Kelly)
⚠️  COOKIEUSDT: compute_stake=0 (sermaye / max açık / Kelly)
⚠️  STABLEUSDT: compute_stake=0 (sermaye / max açık / Kelly)
⚠️  MLNUSDT: compute_stake=0 (sermaye / max açık / Kelly)
⚠️  HOMEUSDT: compute_stake=0 (sermaye / max açık / Kelly)
⚠️  SPACEUSDT: compute_stake=0 (sermaye / max açık / Kelly)
⚠️  SKYAIUSDT: compute_stake=0 (sermaye / max açık / Kelly)
⚠️  COOKIEUSDT: compute_stake=0 (sermaye / max açık / Kelly)
⚠️  STABLEUSDT: compute_stake=0 (sermaye / max açık / Kelly)
⚠️  MLNUSDT: compute_stake=0 (sermaye / max açık / Kelly)
⚠️  SPACEUSDT: compute_stake=0 (sermaye / max açık / Kelly)
⚠️  SKYAIUSDT: compute_stake=0 (sermaye / max açık / Kelly)
⚠️  COOKIEUSDT: compute_stake=0 (sermaye / max açık / Kelly)
⚠️  STABLEUSDT: compute_stake=0 (sermaye / max açık / Kelly)
⚠️  MLNUSDT: compute_stake=0 (sermaye / max açık / Kelly)
⚠️  SPACEUSDT: compute_stake=0 (sermaye / max açık / Kelly)
⚠️  SKYAIUSDT: compute_stake=0 (sermaye / max açık / Kelly)
⚠️  COOKIEUSDT: compute_stake=0 (sermaye / max açık / Kelly)
⚠️  STABLEUSDT: compute_stake=0 (sermaye / max açık / Kelly)
⚠️  MLNUSDT: compute_stake=0 (sermaye / max açık / Kelly)
⚠️  SPACEUSDT: compute_stake=0 (sermaye / max açık / Kelly)
⚠️  HOMEUSDT: compute_stake=0 (sermaye / max açık / Kelly)
⚠️  STABLEUSDT: compute_stake=0 (sermaye / max açık / Kelly)
⚠️  MLNUSDT: compute_stake=0 (sermaye / max açık / Kelly)
⚠️  COOKIEUSDT: compute_stake=0 (sermaye / max açık / Kelly)
  ✓ Borsa kapanış KOMAUSDT SL-EMERGENCY qty=113119.0
✅ Closed #15: KOMAUSDT | $-11.41
  ✓ Borsa emri #72364435 LONG STABLEUSDT 3x qty=21357.0
✅ LONG STABLEUSDT @ $0.04 | 3x | stake=$251 | kelly_raw=$1000 | score=0.64
🤖 Demo emir: STABLEUSDT LONG Δ+0.66%
⚠️  MOVEUSDT: compute_stake=0 (sermaye / max açık / Kelly)
⚠️  MLNUSDT: compute_stake=0 (sermaye / max açık / Kelly)
⚠️  FIDAUSDT: compute_stake=0 (sermaye / max açık / Kelly)
  ✓ Borsa kapanış STABLEUSDT TP qty=21357.0
✅ Closed #17: STABLEUSDT | $2.49
  ✓ Borsa emri #239991776 SHORT XPLUSDT 3x qty=8649.0
✅ SHORT XPLUSDT @ $0.09 | 3x | stake=$250 | kelly_raw=$0 | score=0.59
🤖 Demo emir: XPLUSDT SHORT Δ-0.31%
  ✓ Borsa kapanış XPLUSDT TP qty=8649.0
✅ Closed #18: XPLUSDT | $1.17
  ✓ Borsa emri #581345574 SHORT SUIUSDT 3x qty=701.1
✅ SHORT SUIUSDT @ $1.07 | 3x | stake=$250 | kelly_raw=$0 | score=0.58
🤖 Demo emir: SUIUSDT SHORT Δ-0.29%
⚠️  XNYUSDT: compute_stake=0 (sermaye / max açık / Kelly)
  ✓ Borsa kapanış SUIUSDT TP qty=701.1
✅ Closed #19: SUIUSDT | $2.15
  ✓ Borsa emri #153386350 SHORT WIFUSDT 3x qty=3848.1
✅ SHORT WIFUSDT @ $0.19 | 3x | stake=$250 | kelly_raw=$0 | score=0.59
🤖 Demo emir: WIFUSDT SHORT Δ-0.34%
⚠️  VIRTUALUSDT: compute_stake=0 (sermaye / max açık / Kelly)
⚠️  XNYUSDT: compute_stake=0 (sermaye / max açık / Kelly)
⚠️  ZENUSDT: compute_stake=0 (sermaye / max açık / Kelly)
⚠️  WALUSDT: compute_stake=0 (sermaye / max açık / Kelly)
⚠️  WALUSDT: compute_stake=0 (sermaye / max açık / Kelly)
⚠️  XNYUSDT: compute_stake=0 (sermaye / max açık / Kelly)
⚠️  ZENUSDT: compute_stake=0 (sermaye / max açık / Kelly)
⚠️  XNYUSDT: compute_stake=0 (sermaye / max açık / Kelly)
⚠️  ZENUSDT: compute_stake=0 (sermaye / max açık / Kelly)
⚠️  WALUSDT: compute_stake=0 (sermaye / max açık / Kelly)
⚠️  XNYUSDT: compute_stake=0 (sermaye / max açık / Kelly)
⚠️  ZENUSDT: compute_stake=0 (sermaye / max açık / Kelly)
⚠️  WALUSDT: compute_stake=0 (sermaye / max açık / Kelly)
⚠️  ZKUSDT: compute_stake=0 (sermaye / max açık / Kelly)
⚠️  YALAUSDT: compute_stake=0 (sermaye / max açık / Kelly)
⚠️  VINEUSDT: compute_stake=0 (sermaye / max açık / Kelly)
⚠️  ZKJUSDT: compute_stake=0 (sermaye / max açık / Kelly)
⚠️  WALUSDT: compute_stake=0 (sermaye / max açık / Kelly)
⚠️  ZENUSDT: compute_stake=0 (sermaye / max açık / Kelly)
⚠️  XNYUSDT: compute_stake=0 (sermaye / max açık / Kelly)
⚠️  WCTUSDT: compute_stake=0 (sermaye / max açık / Kelly)
⚠️  WALUSDT: compute_stake=0 (sermaye / max açık / Kelly)
⚠️  VIRTUALUSDT: compute_stake=0 (sermaye / max açık / Kelly)
⚠️  ZENUSDT: compute_stake=0 (sermaye / max açık / Kelly)
⚠️  XNYUSDT: compute_stake=0 (sermaye / max açık / Kelly)
⚠️  WCTUSDT: compute_stake=0 (sermaye / max açık / Kelly)
⚠️  WALUSDT: compute_stake=0 (sermaye / max açık / Kelly)
⚠️  TRIAUSDT: compute_stake=0 (sermaye / max açık / Kelly)
⚠️  XNYUSDT: compute_stake=0 (sermaye / max açık / Kelly)
⚠️  UBUSDT: compute_stake=0 (sermaye / max açık / Kelly)
⚠️  WALUSDT: compute_stake=0 (sermaye / max açık / Kelly)
⚠️  TRIAUSDT: compute_stake=0 (sermaye / max açık / Kelly)
⚠️  SWARMSUSDT: compute_stake=0 (sermaye / max açık / Kelly)
⚠️  UBUSDT: compute_stake=0 (sermaye / max açık / Kelly)
⚠️  TRIAUSDT: compute_stake=0 (sermaye / max açık / Kelly)
⚠️  SWARMSUSDT: compute_stake=0 (sermaye / max açık / Kelly)
⚠️  GUAUSDT: compute_stake=0 (sermaye / max açık / Kelly)
⚠️  TRIAUSDT: compute_stake=0 (sermaye / max açık / Kelly)
⚠️  TRIAUSDT: compute_stake=0 (sermaye / max açık / Kelly)
⚠️  STRKUSDT: compute_stake=0 (sermaye / max açık / Kelly)
⚠️  TRIAUSDT: compute_stake=0 (sermaye / max açık / Kelly)
⚠️  STRKUSDT: compute_stake=0 (sermaye / max açık / Kelly)
⚠️  YALAUSDT: compute_stake=0 (sermaye / max açık / Kelly)
⚠️  TRIAUSDT: compute_stake=0 (sermaye / max açık / Kelly)
⚠️  VINEUSDT: compute_stake=0 (sermaye / max açık / Kelly)
⚠️  ZENUSDT: compute_stake=0 (sermaye / max açık / Kelly)
⚠️  ZKJUSDT: compute_stake=0 (sermaye / max açık / Kelly)
⚠️  YGGUSDT: compute_stake=0 (sermaye / max açık / Kelly)
⚠️  TAUSDT: compute_stake=0 (sermaye / max açık / Kelly)
⚠️  TRIAUSDT: compute_stake=0 (sermaye / max açık / Kelly)
⚠️  GUAUSDT: compute_stake=0 (sermaye / max açık / Kelly)
⚠️  TRIAUSDT: compute_stake=0 (sermaye / max açık / Kelly)
⚠️  GUAUSDT: compute_stake=0 (sermaye / max açık / Kelly)
⚠️  TRIAUSDT: compute_stake=0 (sermaye / max açık / Kelly)
⚠️  GUAUSDT: compute_stake=0 (sermaye / max açık / Kelly)
⚠️  DYMUSDT: compute_stake=0 (sermaye / max açık / Kelly)
⚠️  HOMEUSDT: compute_stake=0 (sermaye / max açık / Kelly)
⚠️  GUAUSDT: compute_stake=0 (sermaye / max açık / Kelly)
⚠️  EDUUSDT: compute_stake=0 (sermaye / max açık / Kelly)
⚠️  YALAUSDT: compute_stake=0 (sermaye / max açık / Kelly)
⚠️  SXPUSDT: compute_stake=0 (sermaye / max açık / Kelly)
⚠️  VINEUSDT: compute_stake=0 (sermaye / max açık / Kelly)
⚠️  TRIAUSDT: compute_stake=0 (sermaye / max açık / Kelly)
⚠️  SKATEUSDT: compute_stake=0 (sermaye / max açık / Kelly)
⚠️  ZKJUSDT: compute_stake=0 (sermaye / max açık / Kelly)
⚠️  UBUSDT: compute_stake=0 (sermaye / max açık / Kelly)
⚠️  ZEREBROUSDT: compute_stake=0 (sermaye / max açık / Kelly)
⚠️  TRIAUSDT: compute_stake=0 (sermaye / max açık / Kelly)
⚠️  ZEREBROUSDT: compute_stake=0 (sermaye / max açık / Kelly)
⚠️  MOVRUSDT: compute_stake=0 (sermaye / max açık / Kelly)
⚠️  ZEREBROUSDT: compute_stake=0 (sermaye / max açık / Kelly)
⚠️  MOVRUSDT: compute_stake=0 (sermaye / max açık / Kelly)
⚠️  TRIAUSDT: compute_stake=0 (sermaye / max açık / Kelly)
⚠️  ONDOUSDT: compute_stake=0 (sermaye / max açık / Kelly)
⚠️  DEXEUSDT: compute_stake=0 (sermaye / max açık / Kelly)
⚠️  TRIAUSDT: compute_stake=0 (sermaye / max açık / Kelly)
⚠️  DEXEUSDT: compute_stake=0 (sermaye / max açık / Kelly)
⚠️  TRIAUSDT: compute_stake=0 (sermaye / max açık / Kelly)
  ✓ Borsa kapanış TRUUSDT TP qty=617970.0
✅ Closed #16: TRUUSDT | $6.61
⚠️  TRIAUSDT: compute_stake=0 (sermaye / max açık / Kelly)
⚠️  PROMPTUSDT: compute_stake=0 (sermaye / max açık / Kelly)
⚠️  TRIAUSDT: compute_stake=0 (sermaye / max açık / Kelly)
⚠️  PROMPTUSDT: compute_stake=0 (sermaye / max açık / Kelly)
⚠️  YALAUSDT: compute_stake=0 (sermaye / max açık / Kelly)
⚠️  SXPUSDT: compute_stake=0 (sermaye / max açık / Kelly)
⚠️  VINEUSDT: compute_stake=0 (sermaye / max açık / Kelly)
⚠️  ZEREBROUSDT: compute_stake=0 (sermaye / max açık / Kelly)
⚠️  TRIAUSDT: compute_stake=0 (sermaye / max açık / Kelly)
⚠️  SKATEUSDT: compute_stake=0 (sermaye / max açık / Kelly)
⚠️  TAUSDT: compute_stake=0 (sermaye / max açık / Kelly)
⚠️  ZKJUSDT: compute_stake=0 (sermaye / max açık / Kelly)
⚠️  TRIAUSDT: compute_stake=0 (sermaye / max açık / Kelly)
⚠️  GUAUSDT: compute_stake=0 (sermaye / max açık / Kelly)
⚠️  AIUSDT: compute_stake=0 (sermaye / max açık / Kelly)
⚠️  HOMEUSDT: compute_stake=0 (sermaye / max açık / Kelly)
⚠️  TRIAUSDT: compute_stake=0 (sermaye / max açık / Kelly)
⚠️  GUAUSDT: compute_stake=0 (sermaye / max açık / Kelly)
⚠️  AIUSDT: compute_stake=0 (sermaye / max açık / Kelly)
⚠️  HOMEUSDT: compute_stake=0 (sermaye / max açık / Kelly)
⚠️  TRIAUSDT: compute_stake=0 (sermaye / max açık / Kelly)
⚠️  GUAUSDT: compute_stake=0 (sermaye / max açık / Kelly)
⚠️  AIUSDT: compute_stake=0 (sermaye / max açık / Kelly)
⚠️  HOMEUSDT: compute_stake=0 (sermaye / max açık / Kelly)
⚠️  TRIAUSDT: compute_stake=0 (sermaye / max açık / Kelly)
⚠️  GUAUSDT: compute_stake=0 (sermaye / max açık / Kelly)
⚠️  SXPUSDT: compute_stake=0 (sermaye / max açık / Kelly)
⚠️  TRIAUSDT: compute_stake=0 (sermaye / max açık / Kelly)
⚠️  GUAUSDT: compute_stake=0 (sermaye / max açık / Kelly)
⚠️  SXPUSDT: compute_stake=0 (sermaye / max açık / Kelly)
⚠️  TRIAUSDT: compute_stake=0 (sermaye / max açık / Kelly)
⚠️  GUAUSDT: compute_stake=0 (sermaye / max açık / Kelly)
⚠️  SXPUSDT: compute_stake=0 (sermaye / max açık / Kelly)
⚠️  RVNUSDT: compute_stake=0 (sermaye / max açık / Kelly)
⚠️  SXPUSDT: compute_stake=0 (sermaye / max açık / Kelly)
⚠️  SIRENUSDT: compute_stake=0 (sermaye / max açık / Kelly)
⚠️  RVNUSDT: compute_stake=0 (sermaye / max açık / Kelly)
⚠️  SXPUSDT: compute_stake=0 (sermaye / max açık / Kelly)
⚠️  SIRENUSDT: compute_stake=0 (sermaye / max açık / Kelly)
⚠️  RVNUSDT: compute_stake=0 (sermaye / max açık / Kelly)
⚠️  SXPUSDT: compute_stake=0 (sermaye / max açık / Kelly)
⚠️  SIRENUSDT: compute_stake=0 (sermaye / max açık / Kelly)
⚠️  GUAUSDT: compute_stake=0 (sermaye / max açık / Kelly)
⚠️  FIDAUSDT: compute_stake=0 (sermaye / max açık / Kelly)
⚠️  SIRENUSDT: compute_stake=0 (sermaye / max açık / Kelly)
⚠️  RVNUSDT: compute_stake=0 (sermaye / max açık / Kelly)
⚠️  GWEIUSDT: compute_stake=0 (sermaye / max açık / Kelly)
⚠️  GUAUSDT: compute_stake=0 (sermaye / max açık / Kelly)
⚠️  FIDAUSDT: compute_stake=0 (sermaye / max açık / Kelly)
⚠️  SIRENUSDT: compute_stake=0 (sermaye / max açık / Kelly)
⚠️  RVNUSDT: compute_stake=0 (sermaye / max açık / Kelly)
⚠️  GWEIUSDT: compute_stake=0 (sermaye / max açık / Kelly)
⚠️  GUAUSDT: compute_stake=0 (sermaye / max açık / Kelly)
⚠️  FIDAUSDT: compute_stake=0 (sermaye / max açık / Kelly)
⚠️  SIRENUSDT: compute_stake=0 (sermaye / max açık / Kelly)
⚠️  RVNUSDT: compute_stake=0 (sermaye / max açık / Kelly)
⚠️  GWEIUSDT: compute_stake=0 (sermaye / max açık / Kelly)
⚠️  GUAUSDT: compute_stake=0 (sermaye / max açık / Kelly)
⚠️  SIRENUSDT: compute_stake=0 (sermaye / max açık / Kelly)
⚠️  GWEIUSDT: compute_stake=0 (sermaye / max açık / Kelly)
⚠️  RVNUSDT: compute_stake=0 (sermaye / max açık / Kelly)
⚠️  CETUSUSDT: compute_stake=0 (sermaye / max açık / Kelly)
⚠️  GUAUSDT: compute_stake=0 (sermaye / max açık / Kelly)
⚠️  SIRENUSDT: compute_stake=0 (sermaye / max açık / Kelly)
⚠️  GWEIUSDT: compute_stake=0 (sermaye / max açık / Kelly)
⚠️  RVNUSDT: compute_stake=0 (sermaye / max açık / Kelly)
⚠️  CETUSUSDT: compute_stake=0 (sermaye / max açık / Kelly)
⚠️  GUAUSDT: compute_stake=0 (sermaye / max açık / Kelly)
⚠️  SIRENUSDT: compute_stake=0 (sermaye / max açık / Kelly)
⚠️  GWEIUSDT: compute_stake=0 (sermaye / max açık / Kelly)
⚠️  RVNUSDT: compute_stake=0 (sermaye / max açık / Kelly)
⚠️  CETUSUSDT: compute_stake=0 (sermaye / max açık / Kelly)
⚠️  PONKEUSDT: compute_stake=0 (sermaye / max açık / Kelly)
⚠️  SIRENUSDT: compute_stake=0 (sermaye / max açık / Kelly)
⚠️  BANANAS31USDT: compute_stake=0 (sermaye / max açık / Kelly)
⚠️  RVNUSDT: compute_stake=0 (sermaye / max açık / Kelly)
⚠️  PONKEUSDT: compute_stake=0 (sermaye / max açık / Kelly)
⚠️  PONKEUSDT: compute_stake=0 (sermaye / max açık / Kelly)
⚠️  BANANAS31USDT: compute_stake=0 (sermaye / max açık / Kelly)
⚠️  PONKEUSDT: compute_stake=0 (sermaye / max açık / Kelly)
⚠️  PONKEUSDT: compute_stake=0 (sermaye / max açık / Kelly)
⚠️  BANANAS31USDT: compute_stake=0 (sermaye / max açık / Kelly)
⚠️  PONKEUSDT: compute_stake=0 (sermaye / max açık / Kelly)
⚠️  BANANAS31USDT: compute_stake=0 (sermaye / max açık / Kelly)
⚠️  BANANAS31USDT: compute_stake=0 (sermaye / max açık / Kelly)
⚠️  PONKEUSDT: compute_stake=0 (sermaye / max açık / Kelly)
⚠️  PONKEUSDT: compute_stake=0 (sermaye / max açık / Kelly)
⚠️  GWEIUSDT: compute_stake=0 (sermaye / max açık / Kelly)
⚠️  BANANAS31USDT: compute_stake=0 (sermaye / max açık / Kelly)
⚠️  PONKEUSDT: compute_stake=0 (sermaye / max açık / Kelly)
⚠️  GWEIUSDT: compute_stake=0 (sermaye / max açık / Kelly)
⚠️  BANANAS31USDT: compute_stake=0 (sermaye / max açık / Kelly)
⚠️  BANANAS31USDT: compute_stake=0 (sermaye / max açık / Kelly)
⚠️  PONKEUSDT: compute_stake=0 (sermaye / max açık / Kelly)
⚠️  GWEIUSDT: compute_stake=0 (sermaye / max açık / Kelly)
⚠️  BRUSDT: compute_stake=0 (sermaye / max açık / Kelly)
⚠️  SXPUSDT: compute_stake=0 (sermaye / max açık / Kelly)
⚠️  SAHARAUSDT: compute_stake=0 (sermaye / max açık / Kelly)
⚠️  BANANAS31USDT: compute_stake=0 (sermaye / max açık / Kelly)
⚠️  PONKEUSDT: compute_stake=0 (sermaye / max açık / Kelly)
⚠️  GWEIUSDT: compute_stake=0 (sermaye / max açık / Kelly)
⚠️  BRUSDT: compute_stake=0 (sermaye / max açık / Kelly)
⚠️  SXPUSDT: compute_stake=0 (sermaye / max açık / Kelly)
⚠️  SXPUSDT: compute_stake=0 (sermaye / max açık / Kelly)
⚠️  SAHARAUSDT: compute_stake=0 (sermaye / max açık / Kelly)
⚠️  PONKEUSDT: compute_stake=0 (sermaye / max açık / Kelly)
⚠️  GWEIUSDT: compute_stake=0 (sermaye / max açık / Kelly)
⚠️  BRUSDT: compute_stake=0 (sermaye / max açık / Kelly)
⚠️  SXPUSDT: compute_stake=0 (sermaye / max açık / Kelly)
⚠️  SXPUSDT: compute_stake=0 (sermaye / max açık / Kelly)
⚠️  SAHARAUSDT: compute_stake=0 (sermaye / max açık / Kelly)
⚠️  SXPUSDT: compute_stake=0 (sermaye / max açık / Kelly)
⚠️  BRUSDT: compute_stake=0 (sermaye / max açık / Kelly)
⚠️  SXPUSDT: compute_stake=0 (sermaye / max açık / Kelly)
⚠️  SAHARAUSDT: compute_stake=0 (sermaye / max açık / Kelly)
⚠️  PONKEUSDT: compute_stake=0 (sermaye / max açık / Kelly)
⚠️  SAHARAUSDT: compute_stake=0 (sermaye / max açık / Kelly)
⚠️  PONKEUSDT: compute_stake=0 (sermaye / max açık / Kelly)
⚠️  SAHARAUSDT: compute_stake=0 (sermaye / max açık / Kelly)
⚠️  STGUSDT: compute_stake=0 (sermaye / max açık / Kelly)
⚠️  BRUSDT: compute_stake=0 (sermaye / max açık / Kelly)
⚠️  SXPUSDT: compute_stake=0 (sermaye / max açık / Kelly)
⚠️  GWEIUSDT: compute_stake=0 (sermaye / max açık / Kelly)
⚠️  PONKEUSDT: compute_stake=0 (sermaye / max açık / Kelly)
⚠️  STXUSDT: compute_stake=0 (sermaye / max açık / Kelly)
⚠️  SAHARAUSDT: compute_stake=0 (sermaye / max açık / Kelly)
⚠️  SXPUSDT: compute_stake=0 (sermaye / max açık / Kelly)
⚠️  GUAUSDT: compute_stake=0 (sermaye / max açık / Kelly)
⚠️  BRUSDT: compute_stake=0 (sermaye / max açık / Kelly)
⚠️  SCRTUSDT: compute_stake=0 (sermaye / max açık / Kelly)
⚠️  ONTUSDT: compute_stake=0 (sermaye / max açık / Kelly)
⚠️  GWEIUSDT: compute_stake=0 (sermaye / max açık / Kelly)
⚠️  STXUSDT: compute_stake=0 (sermaye / max açık / Kelly)
⚠️  PONKEUSDT: compute_stake=0 (sermaye / max açık / Kelly)
⚠️  SXPUSDT: compute_stake=0 (sermaye / max açık / Kelly)
⚠️  GUAUSDT: compute_stake=0 (sermaye / max açık / Kelly)
⚠️  SCRTUSDT: compute_stake=0 (sermaye / max açık / Kelly)
⚠️  STXUSDT: compute_stake=0 (sermaye / max açık / Kelly)
⚠️  SXPUSDT: compute_stake=0 (sermaye / max açık / Kelly)
⚠️  PONKEUSDT: compute_stake=0 (sermaye / max açık / Kelly)
⚠️  GUAUSDT: compute_stake=0 (sermaye / max açık / Kelly)
⚠️  SCRTUSDT: compute_stake=0 (sermaye / max açık / Kelly)
⚠️  STGUSDT: compute_stake=0 (sermaye / max açık / Kelly)
⚠️  PONKEUSDT: compute_stake=0 (sermaye / max açık / Kelly)
⚠️  STGUSDT: compute_stake=0 (sermaye / max açık / Kelly)
⚠️  GUAUSDT: compute_stake=0 (sermaye / max açık / Kelly)
⚠️  SXPUSDT: compute_stake=0 (sermaye / max açık / Kelly)
⚠️  STXUSDT: compute_stake=0 (sermaye / max açık / Kelly)
⚠️  SCRTUSDT: compute_stake=0 (sermaye / max açık / Kelly)
⚠️  AKTUSDT: compute_stake=0 (sermaye / max açık / Kelly)
⚠️  ALTUSDT: compute_stake=0 (sermaye / max açık / Kelly)
⚠️  STGUSDT: compute_stake=0 (sermaye / max açık / Kelly)
⚠️  STXUSDT: compute_stake=0 (sermaye / max açık / Kelly)
⚠️  PONKEUSDT: compute_stake=0 (sermaye / max açık / Kelly)
⚠️  GUAUSDT: compute_stake=0 (sermaye / max açık / Kelly)
⚠️  SCRTUSDT: compute_stake=0 (sermaye / max açık / Kelly)
⚠️  GUAUSDT: compute_stake=0 (sermaye / max açık / Kelly)
⚠️  SAPIENUSDT: compute_stake=0 (sermaye / max açık / Kelly)
⚠️  SXPUSDT: compute_stake=0 (sermaye / max açık / Kelly)
⚠️  STXUSDT: compute_stake=0 (sermaye / max açık / Kelly)
⚠️  STGUSDT: compute_stake=0 (sermaye / max açık / Kelly)
⚠️  PONKEUSDT: compute_stake=0 (sermaye / max açık / Kelly)
⚠️  SCRTUSDT: compute_stake=0 (sermaye / max açık / Kelly)
⚠️  GUAUSDT: compute_stake=0 (sermaye / max açık / Kelly)
⚠️  SAPIENUSDT: compute_stake=0 (sermaye / max açık / Kelly)
⚠️  SXPUSDT: compute_stake=0 (sermaye / max açık / Kelly)
⚠️  STXUSDT: compute_stake=0 (sermaye / max açık / Kelly)
⚠️  STGUSDT: compute_stake=0 (sermaye / max açık / Kelly)
⚠️  PONKEUSDT: compute_stake=0 (sermaye / max açık / Kelly)
⚠️  SCRTUSDT: compute_stake=0 (sermaye / max açık / Kelly)
⚠️  GUAUSDT: compute_stake=0 (sermaye / max açık / Kelly)
⚠️  SAPIENUSDT: compute_stake=0 (sermaye / max açık / Kelly)
⚠️  SXPUSDT: compute_stake=0 (sermaye / max açık / Kelly)
⚠️  STXUSDT: compute_stake=0 (sermaye / max açık / Kelly)
⚠️  STGUSDT: compute_stake=0 (sermaye / max açık / Kelly)
⚠️  PONKEUSDT: compute_stake=0 (sermaye / max açık / Kelly)
⚠️  SCRTUSDT: compute_stake=0 (sermaye / max açık / Kelly)
⚠️  GUAUSDT: compute_stake=0 (sermaye / max açık / Kelly)
⚠️  SAPIENUSDT: compute_stake=0 (sermaye / max açık / Kelly)
⚠️  STXUSDT: compute_stake=0 (sermaye / max açık / Kelly)
⚠️  SXPUSDT: compute_stake=0 (sermaye / max açık / Kelly)
⚠️  SCRTUSDT: compute_stake=0 (sermaye / max açık / Kelly)
⚠️  GUAUSDT: compute_stake=0 (sermaye / max açık / Kelly)
⚠️  AKTUSDT: compute_stake=0 (sermaye / max açık / Kelly)
⚠️  SAPIENUSDT: compute_stake=0 (sermaye / max açık / Kelly)
⚠️  AIUSDT: compute_stake=0 (sermaye / max açık / Kelly)
⚠️  SXPUSDT: compute_stake=0 (sermaye / max açık / Kelly)
⚠️  GUAUSDT: compute_stake=0 (sermaye / max açık / Kelly)
⚠️  COLLECTUSDT: compute_stake=0 (sermaye / max açık / Kelly)
⚠️  SAPIENUSDT: compute_stake=0 (sermaye / max açık / Kelly)
⚠️  SXPUSDT: compute_stake=0 (sermaye / max açık / Kelly)
⚠️  GUAUSDT: compute_stake=0 (sermaye / max açık / Kelly)
⚠️  COLLECTUSDT: compute_stake=0 (sermaye / max açık / Kelly)
⚠️  SAPIENUSDT: compute_stake=0 (sermaye / max açık / Kelly)
⚠️  SXPUSDT: compute_stake=0 (sermaye / max açık / Kelly)
INFO:     connection closed
INFO:     connection closed
INFO:     Shutting down
INFO:     Waiting for application shutdown.
INFO:     Application shutdown complete.
INFO:     Finished server process [88613]
━━━━━━━━━━━━━━━━━━━━━━━━━━━━━━━━━━━━━━━━━━━━━━━━━━━━━━━━━━━━━━━━━━━━━━━━━━━━━━━━
🚀 BINANCE FUTURES ELITE PRO — senaryo: binance_elite_8300_9005.env
━━━━━━━━━━━━━━━━━━━━━━━━━━━━━━━━━━━━━━━━━━━━━━━━━━━━━━━━━━━━━━━━━━━━━━━━━━━━━━━━
📡 Access: http://localhost:9005
💰 STARTING_BALANCE: $4,901 | ELITE_MAX_OPEN: 14
📐 TP: ELITE_TP_STAKE_PCT=0.007 × ELITE_TP_TRIGGER_FRAC=1.0 | SL: ELITE_SL_STAKE_PCT=0.022
🔧 Mode: DEMO canlı emir (demo-fapi) | watchlist: 37 sembol
━━━━━━━━━━━━━━━━━━━━━━━━━━━━━━━━━━━━━━━━━━━━━━━━━━━━━━━━━━━━━━━━━━━━━━━━━━━━━━━━
INFO:     Started server process [88952]
INFO:     Waiting for application startup.
  ↻ Senkron: LONG XPINUSDT qty=2410045.0 lev=5x
  ↻ Senkron: SHORT NILUSDT qty=13450.0 lev=5x
  ↻ Senkron: LONG SPORTFUNUSDT qty=33820.0 lev=5x
  ↻ Senkron: SHORT WIFUSDT qty=3848.1 lev=5x
  ✓ Demo cüzdan: $4,901.17 USDT (kullanılabilir $3,600.28) | canlı emir AÇIK
  📡 Mark WS (!markPrice@arr) — 37 sembol evreni
INFO:     Application startup complete.
INFO:     Uvicorn running on http://0.0.0.0:9005 (Press CTRL+C to quit)
INFO:     127.0.0.1:62059 - "WebSocket /ws" [accepted]
INFO:     connection open
INFO:     127.0.0.1:62060 - "WebSocket /ws" [accepted]
INFO:     connection open
  ✓ Borsa kapanış NILUSDT SL-EMERGENCY qty=13450.0
✅ Closed #2: NILUSDT | $-4.64
  ✓ Borsa kapanış XPINUSDT SL-EMERGENCY qty=2410045.0
✅ Closed #1: XPINUSDT | $-25.55
  ✓ Borsa kapanış WIFUSDT SL-EMERGENCY qty=3848.1
✅ Closed #4: WIFUSDT | $-4.68
  ✓ Borsa emri #189210164 LONG PENGUUSDT 3x qty=326441.0
✅ LONG PENGUUSDT @ $0.01 | 3x | stake=$1000 | kelly_raw=$1000 | score=0.59
🤖 Demo emir: PENGUUSDT LONG Δ+0.31%
  ✓ Borsa emri #73899881 LONG FOGOUSDT 3x qty=187561.0
✅ LONG FOGOUSDT @ $0.02 | 3x | stake=$1000 | kelly_raw=$1000 | score=0.60
🤖 Demo emir: FOGOUSDT LONG Δ+0.43%
  ✓ Borsa kapanış FOGOUSDT TP qty=187561.0
✅ Closed #6: FOGOUSDT | $13.48
INFO:     127.0.0.1:62312 - "GET / HTTP/1.1" 200 OK
INFO:     connection closed
INFO:     127.0.0.1:62315 - "WebSocket /ws" [accepted]
INFO:     connection open
  ✓ Borsa kapanış PENGUUSDT TP qty=326441.0
✅ Closed #5: PENGUUSDT | $5.19
INFO:     Shutting down
INFO:     connection closed
INFO:     connection closed
INFO:     Waiting for application shutdown.
INFO:     Application shutdown complete.
INFO:     Finished server process [88952]
📊 BINANCE_FULL_UNIVERSE: 524 USDT-M perpetual
━━━━━━━━━━━━━━━━━━━━━━━━━━━━━━━━━━━━━━━━━━━━━━━━━━━━━━━━━━━━━━━━━━━━━━━━━━━━━━━━
🚀 BINANCE FUTURES ELITE PRO — senaryo: binance_elite_8300_9005.env
━━━━━━━━━━━━━━━━━━━━━━━━━━━━━━━━━━━━━━━━━━━━━━━━━━━━━━━━━━━━━━━━━━━━━━━━━━━━━━━━
📡 Access: http://localhost:9005
💰 STARTING_BALANCE: $4,891 | ELITE_MAX_OPEN: 14
📐 TP: ELITE_TP_STAKE_PCT=0.007 × ELITE_TP_TRIGGER_FRAC=1.0 | SL: ELITE_SL_STAKE_PCT=0.022
🔧 Mode: DEMO canlı emir (demo-fapi) | watchlist: 524 sembol
━━━━━━━━━━━━━━━━━━━━━━━━━━━━━━━━━━━━━━━━━━━━━━━━━━━━━━━━━━━━━━━━━━━━━━━━━━━━━━━━
INFO:     Started server process [89783]
INFO:     Waiting for application startup.
  ↻ Senkron: LONG SPORTFUNUSDT qty=33820.0 lev=5x
  ✓ Demo cüzdan: $4,891.32 USDT (kullanılabilir $4,468.19) | canlı emir AÇIK
  📡 Mark WS (!markPrice@arr) — 524 sembol evreni
INFO:     Application startup complete.
INFO:     Uvicorn running on http://0.0.0.0:9005 (Press CTRL+C to quit)
INFO:     127.0.0.1:62629 - "WebSocket /ws" [accepted]
INFO:     connection open
INFO:     127.0.0.1:62633 - "GET / HTTP/1.1" 200 OK
INFO:     127.0.0.1:62637 - "WebSocket /ws" [accepted]
INFO:     connection open
  ✓ Borsa emri #112093633 LONG APRUSDT 3x qty=17402.0
✅ LONG APRUSDT @ $0.17 | 3x | stake=$1000 | kelly_raw=$1000 | score=0.67
🤖 Demo emir: APRUSDT LONG Δ+0.84%
  ✓ Borsa emri #91052103 SHORT BEATUSDT 3x qty=1264.0
✅ SHORT BEATUSDT @ $0.59 | 3x | stake=$250 | kelly_raw=$0 | score=0.64
🤖 Demo emir: BEATUSDT SHORT Δ-0.67%
  ✓ Borsa emri #102531015 LONG UBUSDT 3x qty=19330.0
✅ LONG UBUSDT @ $0.12 | 3x | stake=$772 | kelly_raw=$1000 | score=0.59
🤖 Demo emir: UBUSDT LONG Δ+0.33%
  ✓ Borsa kapanış BEATUSDT TP qty=1264.0
✅ Closed #3: BEATUSDT | $1.72
  ✓ Borsa emri #366817359 LONG SXPUSDT 3x qty=837380.6732540613
✅ LONG SXPUSDT @ $0.00 | 3x | stake=$250 | kelly_raw=$1000 | score=0.65
🤖 Demo emir: SXPUSDT LONG Δ+0.75%
⚠️  SXTUSDT: compute_stake=0 (sermaye / max açık / Kelly)
⚠️  USELESSUSDT: compute_stake=0 (sermaye / max açık / Kelly)
⚠️  STXUSDT: compute_stake=0 (sermaye / max açık / Kelly)
⚠️  SPACEUSDT: compute_stake=0 (sermaye / max açık / Kelly)
INFO:     127.0.0.1:62635 - "GET / HTTP/1.1" 200 OK
INFO:     connection closed
INFO:     127.0.0.1:62654 - "WebSocket /ws" [accepted]
INFO:     connection open
  ✓ Borsa kapanış APRUSDT TP qty=17402.0
✅ Closed #2: APRUSDT | $9.72
  ✓ Borsa emri #128329238 SHORT SXTUSDT 3x qty=64212.0
✅ SHORT SXTUSDT @ $0.01 | 3x | stake=$250 | kelly_raw=$0 | score=0.61
🤖 Demo emir: SXTUSDT SHORT Δ-0.49%
  ✓ Borsa emri #109675537 LONG USELESSUSDT 3x qty=33778.0
✅ LONG USELESSUSDT @ $0.07 | 3x | stake=$750 | kelly_raw=$1000 | score=0.60
🤖 Demo emir: USELESSUSDT LONG Δ+0.37%
⚠️  STXUSDT: compute_stake=0 (sermaye / max açık / Kelly)
  ✓ Borsa kapanış UBUSDT TP qty=19330.0
✅ Closed #4: UBUSDT | $6.68
  ✓ Borsa emri #167015209 LONG WLFIUSDT 3x qty=36441.0
✅ LONG WLFIUSDT @ $0.06 | 3x | stake=$772 | kelly_raw=$1000 | score=0.59
🤖 Demo emir: WLFIUSDT LONG Δ+0.32%
⚠️  STXUSDT: compute_stake=0 (sermaye / max açık / Kelly)
⚠️  TOKENUSDT: compute_stake=0 (sermaye / max açık / Kelly)
  ✓ Borsa kapanış WLFIUSDT TP qty=36441.0
✅ Closed #8: WLFIUSDT | $4.42
  ⛔ Borsa açılış başarısız SWELLUSDT: Binance 400: {"code":-4005,"msg":"Quantity greater than max quantity."}
  ✓ Borsa emri #112160746 LONG STXUSDT 3x qty=9449.0
✅ LONG STXUSDT @ $0.25 | 3x | stake=$772 | kelly_raw=$1000 | score=0.59
🤖 Demo emir: STXUSDT LONG Δ+0.31%
⚠️  TOKENUSDT: compute_stake=0 (sermaye / max açık / Kelly)
  ↻ SXPUSDT: borsada pozisyon yok (yerel senkron temizleniyor)
✅ Closed #5: SXPUSDT | $4.00
⚠️  SWELLUSDT: compute_stake=0 (sermaye / max açık / Kelly)
⚠️  TOKENUSDT: compute_stake=0 (sermaye / max açık / Kelly)
⚠️  SPACEUSDT: compute_stake=0 (sermaye / max açık / Kelly)
⚠️  WOOUSDT: compute_stake=0 (sermaye / max açık / Kelly)
⚠️  SWELLUSDT: compute_stake=0 (sermaye / max açık / Kelly)
⚠️  SAPIENUSDT: compute_stake=0 (sermaye / max açık / Kelly)
⚠️  SPACEUSDT: compute_stake=0 (sermaye / max açık / Kelly)
⚠️  TOKENUSDT: compute_stake=0 (sermaye / max açık / Kelly)
⚠️  WOOUSDT: compute_stake=0 (sermaye / max açık / Kelly)
⚠️  SAPIENUSDT: compute_stake=0 (sermaye / max açık / Kelly)
⚠️  SWELLUSDT: compute_stake=0 (sermaye / max açık / Kelly)
⚠️  SPACEUSDT: compute_stake=0 (sermaye / max açık / Kelly)
⚠️  TOKENUSDT: compute_stake=0 (sermaye / max açık / Kelly)
⚠️  WOOUSDT: compute_stake=0 (sermaye / max açık / Kelly)
⚠️  SWELLUSDT: compute_stake=0 (sermaye / max açık / Kelly)
⚠️  SAPIENUSDT: compute_stake=0 (sermaye / max açık / Kelly)
⚠️  SWELLUSDT: compute_stake=0 (sermaye / max açık / Kelly)
⚠️  SAPIENUSDT: compute_stake=0 (sermaye / max açık / Kelly)
⚠️  LABUSDT: compute_stake=0 (sermaye / max açık / Kelly)
⚠️  PROMPTUSDT: compute_stake=0 (sermaye / max açık / Kelly)
⚠️  GUAUSDT: compute_stake=0 (sermaye / max açık / Kelly)
⚠️  LABUSDT: compute_stake=0 (sermaye / max açık / Kelly)
⚠️  FIGHTUSDT: compute_stake=0 (sermaye / max açık / Kelly)
⚠️  PONKEUSDT: compute_stake=0 (sermaye / max açık / Kelly)
⚠️  PROMPTUSDT: compute_stake=0 (sermaye / max açık / Kelly)
⚠️  GUAUSDT: compute_stake=0 (sermaye / max açık / Kelly)
⚠️  INXUSDT: compute_stake=0 (sermaye / max açık / Kelly)
⚠️  FIGHTUSDT: compute_stake=0 (sermaye / max açık / Kelly)
⚠️  INXUSDT: compute_stake=0 (sermaye / max açık / Kelly)
⚠️  FIDAUSDT: compute_stake=0 (sermaye / max açık / Kelly)
⚠️  INXUSDT: compute_stake=0 (sermaye / max açık / Kelly)
⚠️  INXUSDT: compute_stake=0 (sermaye / max açık / Kelly)
⚠️  INXUSDT: compute_stake=0 (sermaye / max açık / Kelly)
⚠️  INXUSDT: compute_stake=0 (sermaye / max açık / Kelly)
⚠️  INXUSDT: compute_stake=0 (sermaye / max açık / Kelly)
⚠️  HANAUSDT: compute_stake=0 (sermaye / max açık / Kelly)
⚠️  PLAYUSDT: compute_stake=0 (sermaye / max açık / Kelly)
⚠️  ALTUSDT: compute_stake=0 (sermaye / max açık / Kelly)
⚠️  INXUSDT: compute_stake=0 (sermaye / max açık / Kelly)
⚠️  ZEREBROUSDT: compute_stake=0 (sermaye / max açık / Kelly)
⚠️  HANAUSDT: compute_stake=0 (sermaye / max açık / Kelly)
⚠️  PLAYUSDT: compute_stake=0 (sermaye / max açık / Kelly)
⚠️  PLAYUSDT: compute_stake=0 (sermaye / max açık / Kelly)
⚠️  INXUSDT: compute_stake=0 (sermaye / max açık / Kelly)
⚠️  INXUSDT: compute_stake=0 (sermaye / max açık / Kelly)
⚠️  ZEREBROUSDT: compute_stake=0 (sermaye / max açık / Kelly)
⚠️  HANAUSDT: compute_stake=0 (sermaye / max açık / Kelly)
⚠️  HANAUSDT: compute_stake=0 (sermaye / max açık / Kelly)
⚠️  PLAYUSDT: compute_stake=0 (sermaye / max açık / Kelly)
⚠️  PLAYUSDT: compute_stake=0 (sermaye / max açık / Kelly)
⚠️  INXUSDT: compute_stake=0 (sermaye / max açık / Kelly)
⚠️  INXUSDT: compute_stake=0 (sermaye / max açık / Kelly)
⚠️  HANAUSDT: compute_stake=0 (sermaye / max açık / Kelly)
⚠️  ZEREBROUSDT: compute_stake=0 (sermaye / max açık / Kelly)
⚠️  ATAUSDT: compute_stake=0 (sermaye / max açık / Kelly)
⚠️  HANAUSDT: compute_stake=0 (sermaye / max açık / Kelly)
⚠️  SWELLUSDT: compute_stake=0 (sermaye / max açık / Kelly)
⚠️  ZEREBROUSDT: compute_stake=0 (sermaye / max açık / Kelly)
⚠️  AKTUSDT: compute_stake=0 (sermaye / max açık / Kelly)
⚠️  ATAUSDT: compute_stake=0 (sermaye / max açık / Kelly)
⚠️  HANAUSDT: compute_stake=0 (sermaye / max açık / Kelly)
⚠️  SWELLUSDT: compute_stake=0 (sermaye / max açık / Kelly)
⚠️  ZEREBROUSDT: compute_stake=0 (sermaye / max açık / Kelly)
⚠️  AKTUSDT: compute_stake=0 (sermaye / max açık / Kelly)
⚠️  ATAUSDT: compute_stake=0 (sermaye / max açık / Kelly)
⚠️  HANAUSDT: compute_stake=0 (sermaye / max açık / Kelly)
⚠️  SWELLUSDT: compute_stake=0 (sermaye / max açık / Kelly)
⚠️  SWELLUSDT: compute_stake=0 (sermaye / max açık / Kelly)
⚠️  ZEREBROUSDT: compute_stake=0 (sermaye / max açık / Kelly)
⚠️  ATAUSDT: compute_stake=0 (sermaye / max açık / Kelly)
⚠️  HANAUSDT: compute_stake=0 (sermaye / max açık / Kelly)
⚠️  SWELLUSDT: compute_stake=0 (sermaye / max açık / Kelly)
⚠️  ATAUSDT: compute_stake=0 (sermaye / max açık / Kelly)
⚠️  HANAUSDT: compute_stake=0 (sermaye / max açık / Kelly)
⚠️  SWELLUSDT: compute_stake=0 (sermaye / max açık / Kelly)
⚠️  ATAUSDT: compute_stake=0 (sermaye / max açık / Kelly)
⚠️  HANAUSDT: compute_stake=0 (sermaye / max açık / Kelly)
⚠️  PLAYUSDT: compute_stake=0 (sermaye / max açık / Kelly)
⚠️  SWELLUSDT: compute_stake=0 (sermaye / max açık / Kelly)
⚠️  ATAUSDT: compute_stake=0 (sermaye / max açık / Kelly)
⚠️  HANAUSDT: compute_stake=0 (sermaye / max açık / Kelly)
⚠️  BOBUSDT: compute_stake=0 (sermaye / max açık / Kelly)
⚠️  SWELLUSDT: compute_stake=0 (sermaye / max açık / Kelly)
⚠️  AKTUSDT: compute_stake=0 (sermaye / max açık / Kelly)
⚠️  PLAYUSDT: compute_stake=0 (sermaye / max açık / Kelly)
⚠️  ATAUSDT: compute_stake=0 (sermaye / max açık / Kelly)
⚠️  HANAUSDT: compute_stake=0 (sermaye / max açık / Kelly)
⚠️  BOBUSDT: compute_stake=0 (sermaye / max açık / Kelly)
⚠️  SWELLUSDT: compute_stake=0 (sermaye / max açık / Kelly)
⚠️  AKTUSDT: compute_stake=0 (sermaye / max açık / Kelly)
⚠️  PLAYUSDT: compute_stake=0 (sermaye / max açık / Kelly)
⚠️  ATAUSDT: compute_stake=0 (sermaye / max açık / Kelly)
⚠️  BOBUSDT: compute_stake=0 (sermaye / max açık / Kelly)
⚠️  SWELLUSDT: compute_stake=0 (sermaye / max açık / Kelly)
⚠️  SWELLUSDT: compute_stake=0 (sermaye / max açık / Kelly)
⚠️  HANAUSDT: compute_stake=0 (sermaye / max açık / Kelly)
⚠️  ATAUSDT: compute_stake=0 (sermaye / max açık / Kelly)
⚠️  BOBUSDT: compute_stake=0 (sermaye / max açık / Kelly)
⚠️  VVVUSDT: compute_stake=0 (sermaye / max açık / Kelly)
⚠️  GUAUSDT: compute_stake=0 (sermaye / max açık / Kelly)
⚠️  HANAUSDT: compute_stake=0 (sermaye / max açık / Kelly)
⚠️  FIDAUSDT: compute_stake=0 (sermaye / max açık / Kelly)
⚠️  ATAUSDT: compute_stake=0 (sermaye / max açık / Kelly)
⚠️  VVVUSDT: compute_stake=0 (sermaye / max açık / Kelly)
⚠️  BOBUSDT: compute_stake=0 (sermaye / max açık / Kelly)
⚠️  GUAUSDT: compute_stake=0 (sermaye / max açık / Kelly)
⚠️  FIDAUSDT: compute_stake=0 (sermaye / max açık / Kelly)
⚠️  HANAUSDT: compute_stake=0 (sermaye / max açık / Kelly)
⚠️  ATAUSDT: compute_stake=0 (sermaye / max açık / Kelly)
⚠️  VVVUSDT: compute_stake=0 (sermaye / max açık / Kelly)
⚠️  BOBUSDT: compute_stake=0 (sermaye / max açık / Kelly)
⚠️  GUAUSDT: compute_stake=0 (sermaye / max açık / Kelly)
⚠️  FIDAUSDT: compute_stake=0 (sermaye / max açık / Kelly)
⚠️  HANAUSDT: compute_stake=0 (sermaye / max açık / Kelly)
⚠️  ATAUSDT: compute_stake=0 (sermaye / max açık / Kelly)
⚠️  VVVUSDT: compute_stake=0 (sermaye / max açık / Kelly)
⚠️  HIGHUSDT: compute_stake=0 (sermaye / max açık / Kelly)
⚠️  GUAUSDT: compute_stake=0 (sermaye / max açık / Kelly)
⚠️  BBUSDT: compute_stake=0 (sermaye / max açık / Kelly)
⚠️  HANAUSDT: compute_stake=0 (sermaye / max açık / Kelly)
⚠️  ATAUSDT: compute_stake=0 (sermaye / max açık / Kelly)
⚠️  VVVUSDT: compute_stake=0 (sermaye / max açık / Kelly)
⚠️  HIGHUSDT: compute_stake=0 (sermaye / max açık / Kelly)
⚠️  GUAUSDT: compute_stake=0 (sermaye / max açık / Kelly)
⚠️  BBUSDT: compute_stake=0 (sermaye / max açık / Kelly)
⚠️  HANAUSDT: compute_stake=0 (sermaye / max açık / Kelly)
⚠️  GUAUSDT: compute_stake=0 (sermaye / max açık / Kelly)
⚠️  VVVUSDT: compute_stake=0 (sermaye / max açık / Kelly)
⚠️  HIGHUSDT: compute_stake=0 (sermaye / max açık / Kelly)
⚠️  HANAUSDT: compute_stake=0 (sermaye / max açık / Kelly)
⚠️  GUAUSDT: compute_stake=0 (sermaye / max açık / Kelly)
⚠️  HIGHUSDT: compute_stake=0 (sermaye / max açık / Kelly)
⚠️  HANAUSDT: compute_stake=0 (sermaye / max açık / Kelly)
⚠️  LABUSDT: compute_stake=0 (sermaye / max açık / Kelly)
⚠️  PONKEUSDT: compute_stake=0 (sermaye / max açık / Kelly)
⚠️  GUAUSDT: compute_stake=0 (sermaye / max açık / Kelly)
⚠️  HIGHUSDT: compute_stake=0 (sermaye / max açık / Kelly)
⚠️  HANAUSDT: compute_stake=0 (sermaye / max açık / Kelly)
⚠️  LABUSDT: compute_stake=0 (sermaye / max açık / Kelly)
⚠️  PONKEUSDT: compute_stake=0 (sermaye / max açık / Kelly)
⚠️  GUAUSDT: compute_stake=0 (sermaye / max açık / Kelly)
⚠️  HIGHUSDT: compute_stake=0 (sermaye / max açık / Kelly)
⚠️  HANAUSDT: compute_stake=0 (sermaye / max açık / Kelly)
⚠️  LABUSDT: compute_stake=0 (sermaye / max açık / Kelly)
⚠️  PONKEUSDT: compute_stake=0 (sermaye / max açık / Kelly)
⚠️  ONDOUSDT: compute_stake=0 (sermaye / max açık / Kelly)
⚠️  BBUSDT: compute_stake=0 (sermaye / max açık / Kelly)
⚠️  MUSDT: compute_stake=0 (sermaye / max açık / Kelly)
⚠️  HIGHUSDT: compute_stake=0 (sermaye / max açık / Kelly)
⚠️  PONKEUSDT: compute_stake=0 (sermaye / max açık / Kelly)
⚠️  MUSDT: compute_stake=0 (sermaye / max açık / Kelly)
⚠️  HIGHUSDT: compute_stake=0 (sermaye / max açık / Kelly)
⚠️  MUSDT: compute_stake=0 (sermaye / max açık / Kelly)
⚠️  HIGHUSDT: compute_stake=0 (sermaye / max açık / Kelly)
⚠️  MUSDT: compute_stake=0 (sermaye / max açık / Kelly)
⚠️  ALTUSDT: compute_stake=0 (sermaye / max açık / Kelly)
⚠️  AIUSDT: compute_stake=0 (sermaye / max açık / Kelly)
⚠️  TOKENUSDT: compute_stake=0 (sermaye / max açık / Kelly)
⚠️  ONDOUSDT: compute_stake=0 (sermaye / max açık / Kelly)
⚠️  MUSDT: compute_stake=0 (sermaye / max açık / Kelly)
⚠️  ALTUSDT: compute_stake=0 (sermaye / max açık / Kelly)
⚠️  AIUSDT: compute_stake=0 (sermaye / max açık / Kelly)
⚠️  TOKENUSDT: compute_stake=0 (sermaye / max açık / Kelly)
⚠️  TOKENUSDT: compute_stake=0 (sermaye / max açık / Kelly)
⚠️  ONDOUSDT: compute_stake=0 (sermaye / max açık / Kelly)
⚠️  ALTUSDT: compute_stake=0 (sermaye / max açık / Kelly)
⚠️  MUSDT: compute_stake=0 (sermaye / max açık / Kelly)
⚠️  AIUSDT: compute_stake=0 (sermaye / max açık / Kelly)
⚠️  TOKENUSDT: compute_stake=0 (sermaye / max açık / Kelly)
⚠️  FIDAUSDT: compute_stake=0 (sermaye / max açık / Kelly)
⚠️  MUSDT: compute_stake=0 (sermaye / max açık / Kelly)
⚠️  MUSDT: compute_stake=0 (sermaye / max açık / Kelly)
⚠️  LABUSDT: compute_stake=0 (sermaye / max açık / Kelly)
⚠️  NILUSDT: compute_stake=0 (sermaye / max açık / Kelly)
⚠️  ALTUSDT: compute_stake=0 (sermaye / max açık / Kelly)
⚠️  ZEREBROUSDT: compute_stake=0 (sermaye / max açık / Kelly)
⚠️  AIUSDT: compute_stake=0 (sermaye / max açık / Kelly)
⚠️  MUSDT: compute_stake=0 (sermaye / max açık / Kelly)
⚠️  MUSDT: compute_stake=0 (sermaye / max açık / Kelly)
⚠️  LABUSDT: compute_stake=0 (sermaye / max açık / Kelly)
⚠️  NILUSDT: compute_stake=0 (sermaye / max açık / Kelly)
⚠️  NILUSDT: compute_stake=0 (sermaye / max açık / Kelly)
⚠️  ALTUSDT: compute_stake=0 (sermaye / max açık / Kelly)
⚠️  ZEREBROUSDT: compute_stake=0 (sermaye / max açık / Kelly)
⚠️  ZEREBROUSDT: compute_stake=0 (sermaye / max açık / Kelly)
⚠️  AIUSDT: compute_stake=0 (sermaye / max açık / Kelly)
⚠️  MUSDT: compute_stake=0 (sermaye / max açık / Kelly)
⚠️  MUSDT: compute_stake=0 (sermaye / max açık / Kelly)
⚠️  LABUSDT: compute_stake=0 (sermaye / max açık / Kelly)
⚠️  NILUSDT: compute_stake=0 (sermaye / max açık / Kelly)
⚠️  NILUSDT: compute_stake=0 (sermaye / max açık / Kelly)
⚠️  ALTUSDT: compute_stake=0 (sermaye / max açık / Kelly)
⚠️  ZEREBROUSDT: compute_stake=0 (sermaye / max açık / Kelly)
⚠️  ZEREBROUSDT: compute_stake=0 (sermaye / max açık / Kelly)
⚠️  AIUSDT: compute_stake=0 (sermaye / max açık / Kelly)
⚠️  LABUSDT: compute_stake=0 (sermaye / max açık / Kelly)
⚠️  BRUSDT: compute_stake=0 (sermaye / max açık / Kelly)
⚠️  HIGHUSDT: compute_stake=0 (sermaye / max açık / Kelly)
⚠️  ZEREBROUSDT: compute_stake=0 (sermaye / max açık / Kelly)
⚠️  ZEREBROUSDT: compute_stake=0 (sermaye / max açık / Kelly)
⚠️  AIUSDT: compute_stake=0 (sermaye / max açık / Kelly)
⚠️  LABUSDT: compute_stake=0 (sermaye / max açık / Kelly)
⚠️  BRUSDT: compute_stake=0 (sermaye / max açık / Kelly)
⚠️  HIGHUSDT: compute_stake=0 (sermaye / max açık / Kelly)
⚠️  ZEREBROUSDT: compute_stake=0 (sermaye / max açık / Kelly)
⚠️  ZEREBROUSDT: compute_stake=0 (sermaye / max açık / Kelly)
⚠️  AIUSDT: compute_stake=0 (sermaye / max açık / Kelly)
⚠️  TRUUSDT: compute_stake=0 (sermaye / max açık / Kelly)
⚠️  BRUSDT: compute_stake=0 (sermaye / max açık / Kelly)
⚠️  ZEREBROUSDT: compute_stake=0 (sermaye / max açık / Kelly)
⚠️  HIGHUSDT: compute_stake=0 (sermaye / max açık / Kelly)
⚠️  FIDAUSDT: compute_stake=0 (sermaye / max açık / Kelly)
⚠️  TRUUSDT: compute_stake=0 (sermaye / max açık / Kelly)
⚠️  ZEREBROUSDT: compute_stake=0 (sermaye / max açık / Kelly)
⚠️  HIGHUSDT: compute_stake=0 (sermaye / max açık / Kelly)
⚠️  ZEREBROUSDT: compute_stake=0 (sermaye / max açık / Kelly)
⚠️  TRUUSDT: compute_stake=0 (sermaye / max açık / Kelly)
⚠️  HIGHUSDT: compute_stake=0 (sermaye / max açık / Kelly)
⚠️  ZEREBROUSDT: compute_stake=0 (sermaye / max açık / Kelly)
⚠️  ZEREBROUSDT: compute_stake=0 (sermaye / max açık / Kelly)
⚠️  TRUUSDT: compute_stake=0 (sermaye / max açık / Kelly)
⚠️  HIGHUSDT: compute_stake=0 (sermaye / max açık / Kelly)
⚠️  ZEREBROUSDT: compute_stake=0 (sermaye / max açık / Kelly)
⚠️  LAYERUSDT: compute_stake=0 (sermaye / max açık / Kelly)
⚠️  TRUUSDT: compute_stake=0 (sermaye / max açık / Kelly)
⚠️  TRUUSDT: compute_stake=0 (sermaye / max açık / Kelly)
⚠️  HIGHUSDT: compute_stake=0 (sermaye / max açık / Kelly)
⚠️  ZEREBROUSDT: compute_stake=0 (sermaye / max açık / Kelly)
⚠️  LAYERUSDT: compute_stake=0 (sermaye / max açık / Kelly)
⚠️  TRUUSDT: compute_stake=0 (sermaye / max açık / Kelly)
⚠️  TRUUSDT: compute_stake=0 (sermaye / max açık / Kelly)
⚠️  HIGHUSDT: compute_stake=0 (sermaye / max açık / Kelly)
⚠️  LAYERUSDT: compute_stake=0 (sermaye / max açık / Kelly)
⚠️  TRUUSDT: compute_stake=0 (sermaye / max açık / Kelly)
⚠️  TRUUSDT: compute_stake=0 (sermaye / max açık / Kelly)
⚠️  HIGHUSDT: compute_stake=0 (sermaye / max açık / Kelly)
⚠️  LAYERUSDT: compute_stake=0 (sermaye / max açık / Kelly)
⚠️  TRUUSDT: compute_stake=0 (sermaye / max açık / Kelly)
⚠️  TRUUSDT: compute_stake=0 (sermaye / max açık / Kelly)
⚠️  AIUSDT: compute_stake=0 (sermaye / max açık / Kelly)
⚠️  LAYERUSDT: compute_stake=0 (sermaye / max açık / Kelly)
⚠️  TRUUSDT: compute_stake=0 (sermaye / max açık / Kelly)
⚠️  TRUUSDT: compute_stake=0 (sermaye / max açık / Kelly)
⚠️  AIUSDT: compute_stake=0 (sermaye / max açık / Kelly)
⚠️  LAYERUSDT: compute_stake=0 (sermaye / max açık / Kelly)
⚠️  TRUUSDT: compute_stake=0 (sermaye / max açık / Kelly)
⚠️  LABUSDT: compute_stake=0 (sermaye / max açık / Kelly)
⚠️  AIUSDT: compute_stake=0 (sermaye / max açık / Kelly)
⚠️  LABUSDT: compute_stake=0 (sermaye / max açık / Kelly)
⚠️  LABUSDT: compute_stake=0 (sermaye / max açık / Kelly)
⚠️  AIUSDT: compute_stake=0 (sermaye / max açık / Kelly)
⚠️  LABUSDT: compute_stake=0 (sermaye / max açık / Kelly)
⚠️  LABUSDT: compute_stake=0 (sermaye / max açık / Kelly)
⚠️  AIUSDT: compute_stake=0 (sermaye / max açık / Kelly)
⚠️  AIUSDT: compute_stake=0 (sermaye / max açık / Kelly)
⚠️  HANAUSDT: compute_stake=0 (sermaye / max açık / Kelly)
⚠️  AIUSDT: compute_stake=0 (sermaye / max açık / Kelly)
⚠️  AIUSDT: compute_stake=0 (sermaye / max açık / Kelly)
⚠️  ATAUSDT: compute_stake=0 (sermaye / max açık / Kelly)
⚠️  AIUSDT: compute_stake=0 (sermaye / max açık / Kelly)
⚠️  HANAUSDT: compute_stake=0 (sermaye / max açık / Kelly)
⚠️  SWELLUSDT: compute_stake=0 (sermaye / max açık / Kelly)
⚠️  SWELLUSDT: compute_stake=0 (sermaye / max açık / Kelly)
⚠️  ATAUSDT: compute_stake=0 (sermaye / max açık / Kelly)
⚠️  PONKEUSDT: compute_stake=0 (sermaye / max açık / Kelly)
⚠️  SWELLUSDT: compute_stake=0 (sermaye / max açık / Kelly)
⚠️  SWELLUSDT: compute_stake=0 (sermaye / max açık / Kelly)
⚠️  AIUSDT: compute_stake=0 (sermaye / max açık / Kelly)
⚠️  ATAUSDT: compute_stake=0 (sermaye / max açık / Kelly)
⚠️  PONKEUSDT: compute_stake=0 (sermaye / max açık / Kelly)
⚠️  PONKEUSDT: compute_stake=0 (sermaye / max açık / Kelly)
⚠️  SWELLUSDT: compute_stake=0 (sermaye / max açık / Kelly)
⚠️  SWELLUSDT: compute_stake=0 (sermaye / max açık / Kelly)
⚠️  AIUSDT: compute_stake=0 (sermaye / max açık / Kelly)
⚠️  ATAUSDT: compute_stake=0 (sermaye / max açık / Kelly)
⚠️  PONKEUSDT: compute_stake=0 (sermaye / max açık / Kelly)
⚠️  SWELLUSDT: compute_stake=0 (sermaye / max açık / Kelly)
⚠️  PROMPTUSDT: compute_stake=0 (sermaye / max açık / Kelly)
⚠️  ATAUSDT: compute_stake=0 (sermaye / max açık / Kelly)
⚠️  PONKEUSDT: compute_stake=0 (sermaye / max açık / Kelly)
⚠️  SWELLUSDT: compute_stake=0 (sermaye / max açık / Kelly)
⚠️  AIUSDT: compute_stake=0 (sermaye / max açık / Kelly)
⚠️  LABUSDT: compute_stake=0 (sermaye / max açık / Kelly)
⚠️  ATAUSDT: compute_stake=0 (sermaye / max açık / Kelly)
⚠️  PONKEUSDT: compute_stake=0 (sermaye / max açık / Kelly)
⚠️  SWELLUSDT: compute_stake=0 (sermaye / max açık / Kelly)
⚠️  AIUSDT: compute_stake=0 (sermaye / max açık / Kelly)
⚠️  LABUSDT: compute_stake=0 (sermaye / max açık / Kelly)
⚠️  ATAUSDT: compute_stake=0 (sermaye / max açık / Kelly)
⚠️  PONKEUSDT: compute_stake=0 (sermaye / max açık / Kelly)
⚠️  SWELLUSDT: compute_stake=0 (sermaye / max açık / Kelly)
⚠️  PLAYUSDT: compute_stake=0 (sermaye / max açık / Kelly)
⚠️  LABUSDT: compute_stake=0 (sermaye / max açık / Kelly)
⚠️  AIUSDT: compute_stake=0 (sermaye / max açık / Kelly)
⚠️  FIDAUSDT: compute_stake=0 (sermaye / max açık / Kelly)
⚠️  SWELLUSDT: compute_stake=0 (sermaye / max açık / Kelly)
⚠️  PONKEUSDT: compute_stake=0 (sermaye / max açık / Kelly)
⚠️  SWELLUSDT: compute_stake=0 (sermaye / max açık / Kelly)
⚠️  LABUSDT: compute_stake=0 (sermaye / max açık / Kelly)
⚠️  AIUSDT: compute_stake=0 (sermaye / max açık / Kelly)
⚠️  PLAYUSDT: compute_stake=0 (sermaye / max açık / Kelly)
⚠️  SWELLUSDT: compute_stake=0 (sermaye / max açık / Kelly)
⚠️  PONKEUSDT: compute_stake=0 (sermaye / max açık / Kelly)
⚠️  SWELLUSDT: compute_stake=0 (sermaye / max açık / Kelly)
⚠️  LABUSDT: compute_stake=0 (sermaye / max açık / Kelly)
⚠️  AIUSDT: compute_stake=0 (sermaye / max açık / Kelly)
⚠️  PLAYUSDT: compute_stake=0 (sermaye / max açık / Kelly)
⚠️  SWELLUSDT: compute_stake=0 (sermaye / max açık / Kelly)
⚠️  PONKEUSDT: compute_stake=0 (sermaye / max açık / Kelly)
⚠️  PONKEUSDT: compute_stake=0 (sermaye / max açık / Kelly)
⚠️  LABUSDT: compute_stake=0 (sermaye / max açık / Kelly)
⚠️  PONKEUSDT: compute_stake=0 (sermaye / max açık / Kelly)
⚠️  ATAUSDT: compute_stake=0 (sermaye / max açık / Kelly)
⚠️  HIGHUSDT: compute_stake=0 (sermaye / max açık / Kelly)
⚠️  ATAUSDT: compute_stake=0 (sermaye / max açık / Kelly)
⚠️  XVSUSDT: compute_stake=0 (sermaye / max açık / Kelly)
⚠️  HIGHUSDT: compute_stake=0 (sermaye / max açık / Kelly)
⚠️  ATAUSDT: compute_stake=0 (sermaye / max açık / Kelly)
⚠️  FIDAUSDT: compute_stake=0 (sermaye / max açık / Kelly)
⚠️  XVSUSDT: compute_stake=0 (sermaye / max açık / Kelly)
⚠️  XVSUSDT: compute_stake=0 (sermaye / max açık / Kelly)
⚠️  ATAUSDT: compute_stake=0 (sermaye / max açık / Kelly)
⚠️  AINUSDT: compute_stake=0 (sermaye / max açık / Kelly)
⚠️  FIDAUSDT: compute_stake=0 (sermaye / max açık / Kelly)
⚠️  ZEREBROUSDT: compute_stake=0 (sermaye / max açık / Kelly)
⚠️  XVSUSDT: compute_stake=0 (sermaye / max açık / Kelly)
⚠️  ATAUSDT: compute_stake=0 (sermaye / max açık / Kelly)
⚠️  AINUSDT: compute_stake=0 (sermaye / max açık / Kelly)
⚠️  FIDAUSDT: compute_stake=0 (sermaye / max açık / Kelly)
⚠️  FIDAUSDT: compute_stake=0 (sermaye / max açık / Kelly)
⚠️  ZEREBROUSDT: compute_stake=0 (sermaye / max açık / Kelly)
⚠️  ZEREBROUSDT: compute_stake=0 (sermaye / max açık / Kelly)
⚠️  ATAUSDT: compute_stake=0 (sermaye / max açık / Kelly)
⚠️  AINUSDT: compute_stake=0 (sermaye / max açık / Kelly)
⚠️  FIDAUSDT: compute_stake=0 (sermaye / max açık / Kelly)
⚠️  ZEREBROUSDT: compute_stake=0 (sermaye / max açık / Kelly)
⚠️  ZEREBROUSDT: compute_stake=0 (sermaye / max açık / Kelly)
⚠️  ATAUSDT: compute_stake=0 (sermaye / max açık / Kelly)
⚠️  FIDAUSDT: compute_stake=0 (sermaye / max açık / Kelly)
⚠️  ZEREBROUSDT: compute_stake=0 (sermaye / max açık / Kelly)
⚠️  ZEREBROUSDT: compute_stake=0 (sermaye / max açık / Kelly)
⚠️  ATAUSDT: compute_stake=0 (sermaye / max açık / Kelly)
⚠️  FIDAUSDT: compute_stake=0 (sermaye / max açık / Kelly)
⚠️  ZEREBROUSDT: compute_stake=0 (sermaye / max açık / Kelly)
⚠️  ZEREBROUSDT: compute_stake=0 (sermaye / max açık / Kelly)
⚠️  ATAUSDT: compute_stake=0 (sermaye / max açık / Kelly)
⚠️  FIDAUSDT: compute_stake=0 (sermaye / max açık / Kelly)
⚠️  ZEREBROUSDT: compute_stake=0 (sermaye / max açık / Kelly)
⚠️  ZEREBROUSDT: compute_stake=0 (sermaye / max açık / Kelly)
⚠️  FIDAUSDT: compute_stake=0 (sermaye / max açık / Kelly)
⚠️  ZEREBROUSDT: compute_stake=0 (sermaye / max açık / Kelly)
⚠️  ZEREBROUSDT: compute_stake=0 (sermaye / max açık / Kelly)
⚠️  ZEREBROUSDT: compute_stake=0 (sermaye / max açık / Kelly)
⚠️  FIDAUSDT: compute_stake=0 (sermaye / max açık / Kelly)
⚠️  ZEREBROUSDT: compute_stake=0 (sermaye / max açık / Kelly)
⚠️  XVSUSDT: compute_stake=0 (sermaye / max açık / Kelly)
⚠️  ZEREBROUSDT: compute_stake=0 (sermaye / max açık / Kelly)
⚠️  ZEREBROUSDT: compute_stake=0 (sermaye / max açık / Kelly)
⚠️  MBOXUSDT: compute_stake=0 (sermaye / max açık / Kelly)
⚠️  XVSUSDT: compute_stake=0 (sermaye / max açık / Kelly)
⚠️  XVSUSDT: compute_stake=0 (sermaye / max açık / Kelly)
⚠️  FIDAUSDT: compute_stake=0 (sermaye / max açık / Kelly)
⚠️  ZEREBROUSDT: compute_stake=0 (sermaye / max açık / Kelly)
⚠️  AINUSDT: compute_stake=0 (sermaye / max açık / Kelly)
⚠️  MBOXUSDT: compute_stake=0 (sermaye / max açık / Kelly)
⚠️  MBOXUSDT: compute_stake=0 (sermaye / max açık / Kelly)
⚠️  XVSUSDT: compute_stake=0 (sermaye / max açık / Kelly)
⚠️  AINUSDT: compute_stake=0 (sermaye / max açık / Kelly)
⚠️  MBOXUSDT: compute_stake=0 (sermaye / max açık / Kelly)
⚠️  MBOXUSDT: compute_stake=0 (sermaye / max açık / Kelly)
⚠️  ATAUSDT: compute_stake=0 (sermaye / max açık / Kelly)
⚠️  GTCUSDT: compute_stake=0 (sermaye / max açık / Kelly)
⚠️  LABUSDT: compute_stake=0 (sermaye / max açık / Kelly)
⚠️  MBOXUSDT: compute_stake=0 (sermaye / max açık / Kelly)
⚠️  ATAUSDT: compute_stake=0 (sermaye / max açık / Kelly)
⚠️  GTCUSDT: compute_stake=0 (sermaye / max açık / Kelly)
⚠️  MBOXUSDT: compute_stake=0 (sermaye / max açık / Kelly)
⚠️  LABUSDT: compute_stake=0 (sermaye / max açık / Kelly)
⚠️  ATAUSDT: compute_stake=0 (sermaye / max açık / Kelly)
⚠️  GTCUSDT: compute_stake=0 (sermaye / max açık / Kelly)
⚠️  GPSUSDT: compute_stake=0 (sermaye / max açık / Kelly)
⚠️  LABUSDT: compute_stake=0 (sermaye / max açık / Kelly)
⚠️  MBOXUSDT: compute_stake=0 (sermaye / max açık / Kelly)
⚠️  WIFUSDT: compute_stake=0 (sermaye / max açık / Kelly)
⚠️  SAHARAUSDT: compute_stake=0 (sermaye / max açık / Kelly)
⚠️  TOKENUSDT: compute_stake=0 (sermaye / max açık / Kelly)
⚠️  TOKENUSDT: compute_stake=0 (sermaye / max açık / Kelly)
⚠️  TOKENUSDT: compute_stake=0 (sermaye / max açık / Kelly)
⚠️  GTCUSDT: compute_stake=0 (sermaye / max açık / Kelly)
⚠️  GUAUSDT: compute_stake=0 (sermaye / max açık / Kelly)
⚠️  GPSUSDT: compute_stake=0 (sermaye / max açık / Kelly)
⚠️  TOKENUSDT: compute_stake=0 (sermaye / max açık / Kelly)
⚠️  SAHARAUSDT: compute_stake=0 (sermaye / max açık / Kelly)
⚠️  TOKENUSDT: compute_stake=0 (sermaye / max açık / Kelly)
⚠️  RAVEUSDT: compute_stake=0 (sermaye / max açık / Kelly)
⚠️  SOPHUSDT: compute_stake=0 (sermaye / max açık / Kelly)
⚠️  SAHARAUSDT: compute_stake=0 (sermaye / max açık / Kelly)
⚠️  TOKENUSDT: compute_stake=0 (sermaye / max açık / Kelly)
⚠️  RAVEUSDT: compute_stake=0 (sermaye / max açık / Kelly)
⚠️  SOPHUSDT: compute_stake=0 (sermaye / max açık / Kelly)
⚠️  SAHARAUSDT: compute_stake=0 (sermaye / max açık / Kelly)
⚠️  GUAUSDT: compute_stake=0 (sermaye / max açık / Kelly)
⚠️  RAVEUSDT: compute_stake=0 (sermaye / max açık / Kelly)
⚠️  SAHARAUSDT: compute_stake=0 (sermaye / max açık / Kelly)
⚠️  PONKEUSDT: compute_stake=0 (sermaye / max açık / Kelly)
⚠️  SAHARAUSDT: compute_stake=0 (sermaye / max açık / Kelly)
⚠️  PONKEUSDT: compute_stake=0 (sermaye / max açık / Kelly)
⚠️  SAHARAUSDT: compute_stake=0 (sermaye / max açık / Kelly)
⚠️  PONKEUSDT: compute_stake=0 (sermaye / max açık / Kelly)
⚠️  SAHARAUSDT: compute_stake=0 (sermaye / max açık / Kelly)
⚠️  PONKEUSDT: compute_stake=0 (sermaye / max açık / Kelly)
⚠️  SAHARAUSDT: compute_stake=0 (sermaye / max açık / Kelly)
⚠️  PONKEUSDT: compute_stake=0 (sermaye / max açık / Kelly)
⚠️  GUAUSDT: compute_stake=0 (sermaye / max açık / Kelly)
⚠️  SAHARAUSDT: compute_stake=0 (sermaye / max açık / Kelly)
⚠️  PONKEUSDT: compute_stake=0 (sermaye / max açık / Kelly)
⚠️  QUICKUSDT: compute_stake=0 (sermaye / max açık / Kelly)
⚠️  ONDOUSDT: compute_stake=0 (sermaye / max açık / Kelly)
⚠️  GUAUSDT: compute_stake=0 (sermaye / max açık / Kelly)
⚠️  PONKEUSDT: compute_stake=0 (sermaye / max açık / Kelly)
⚠️  AIUSDT: compute_stake=0 (sermaye / max açık / Kelly)
⚠️  AEVOUSDT: compute_stake=0 (sermaye / max açık / Kelly)
⚠️  QUICKUSDT: compute_stake=0 (sermaye / max açık / Kelly)
⚠️  KOMAUSDT: compute_stake=0 (sermaye / max açık / Kelly)
⚠️  SAHARAUSDT: compute_stake=0 (sermaye / max açık / Kelly)
⚠️  PONKEUSDT: compute_stake=0 (sermaye / max açık / Kelly)
⚠️  QUICKUSDT: compute_stake=0 (sermaye / max açık / Kelly)
⚠️  PONKEUSDT: compute_stake=0 (sermaye / max açık / Kelly)
⚠️  SAHARAUSDT: compute_stake=0 (sermaye / max açık / Kelly)
⚠️  QUICKUSDT: compute_stake=0 (sermaye / max açık / Kelly)
⚠️  WIFUSDT: compute_stake=0 (sermaye / max açık / Kelly)
⚠️  GUAUSDT: compute_stake=0 (sermaye / max açık / Kelly)
⚠️  KOMAUSDT: compute_stake=0 (sermaye / max açık / Kelly)
⚠️  QUICKUSDT: compute_stake=0 (sermaye / max açık / Kelly)
⚠️  HUSDT: compute_stake=0 (sermaye / max açık / Kelly)
⚠️  KOMAUSDT: compute_stake=0 (sermaye / max açık / Kelly)
⚠️  XANUSDT: compute_stake=0 (sermaye / max açık / Kelly)
⚠️  WIFUSDT: compute_stake=0 (sermaye / max açık / Kelly)
⚠️  QUICKUSDT: compute_stake=0 (sermaye / max açık / Kelly)
⚠️  GUAUSDT: compute_stake=0 (sermaye / max açık / Kelly)
⚠️  KOMAUSDT: compute_stake=0 (sermaye / max açık / Kelly)
⚠️  WIFUSDT: compute_stake=0 (sermaye / max açık / Kelly)
⚠️  QUICKUSDT: compute_stake=0 (sermaye / max açık / Kelly)
⚠️  XANUSDT: compute_stake=0 (sermaye / max açık / Kelly)
⚠️  GUAUSDT: compute_stake=0 (sermaye / max açık / Kelly)
⚠️  KOMAUSDT: compute_stake=0 (sermaye / max açık / Kelly)
⚠️  WIFUSDT: compute_stake=0 (sermaye / max açık / Kelly)
⚠️  QUICKUSDT: compute_stake=0 (sermaye / max açık / Kelly)
⚠️  XANUSDT: compute_stake=0 (sermaye / max açık / Kelly)
⚠️  KOMAUSDT: compute_stake=0 (sermaye / max açık / Kelly)
⚠️  XANUSDT: compute_stake=0 (sermaye / max açık / Kelly)
⚠️  QUICKUSDT: compute_stake=0 (sermaye / max açık / Kelly)
⚠️  GUAUSDT: compute_stake=0 (sermaye / max açık / Kelly)
⚠️  KOMAUSDT: compute_stake=0 (sermaye / max açık / Kelly)
⚠️  GUAUSDT: compute_stake=0 (sermaye / max açık / Kelly)
⚠️  KOMAUSDT: compute_stake=0 (sermaye / max açık / Kelly)
⚠️  GUAUSDT: compute_stake=0 (sermaye / max açık / Kelly)
⚠️  PLAYUSDT: compute_stake=0 (sermaye / max açık / Kelly)
⚠️  FIDAUSDT: compute_stake=0 (sermaye / max açık / Kelly)
⚠️  KOMAUSDT: compute_stake=0 (sermaye / max açık / Kelly)
⚠️  GUAUSDT: compute_stake=0 (sermaye / max açık / Kelly)
⚠️  GUAUSDT: compute_stake=0 (sermaye / max açık / Kelly)
⚠️  GUAUSDT: compute_stake=0 (sermaye / max açık / Kelly)
⚠️  BANANAS31USDT: compute_stake=0 (sermaye / max açık / Kelly)
⚠️  GUAUSDT: compute_stake=0 (sermaye / max açık / Kelly)
⚠️  BANANAS31USDT: compute_stake=0 (sermaye / max açık / Kelly)
⚠️  GUAUSDT: compute_stake=0 (sermaye / max açık / Kelly)
⚠️  BANANAS31USDT: compute_stake=0 (sermaye / max açık / Kelly)
⚠️  PLAYUSDT: compute_stake=0 (sermaye / max açık / Kelly)
⚠️  GUAUSDT: compute_stake=0 (sermaye / max açık / Kelly)
⚠️  LABUSDT: compute_stake=0 (sermaye / max açık / Kelly)
⚠️  SYSUSDT: compute_stake=0 (sermaye / max açık / Kelly)
⚠️  PLAYUSDT: compute_stake=0 (sermaye / max açık / Kelly)
⚠️  GUAUSDT: compute_stake=0 (sermaye / max açık / Kelly)
⚠️  LABUSDT: compute_stake=0 (sermaye / max açık / Kelly)
⚠️  SYSUSDT: compute_stake=0 (sermaye / max açık / Kelly)
⚠️  BANANAS31USDT: compute_stake=0 (sermaye / max açık / Kelly)
⚠️  PLAYUSDT: compute_stake=0 (sermaye / max açık / Kelly)
⚠️  GUAUSDT: compute_stake=0 (sermaye / max açık / Kelly)
⚠️  LABUSDT: compute_stake=0 (sermaye / max açık / Kelly)
⚠️  SYSUSDT: compute_stake=0 (sermaye / max açık / Kelly)
⚠️  BANANAS31USDT: compute_stake=0 (sermaye / max açık / Kelly)
⚠️  PLAYUSDT: compute_stake=0 (sermaye / max açık / Kelly)
⚠️  PLAYUSDT: compute_stake=0 (sermaye / max açık / Kelly)
⚠️  SYSUSDT: compute_stake=0 (sermaye / max açık / Kelly)
⚠️  SYSUSDT: compute_stake=0 (sermaye / max açık / Kelly)
⚠️  LABUSDT: compute_stake=0 (sermaye / max açık / Kelly)
⚠️  PLAYUSDT: compute_stake=0 (sermaye / max açık / Kelly)
⚠️  PLAYUSDT: compute_stake=0 (sermaye / max açık / Kelly)
⚠️  SYSUSDT: compute_stake=0 (sermaye / max açık / Kelly)
⚠️  SYSUSDT: compute_stake=0 (sermaye / max açık / Kelly)
⚠️  LABUSDT: compute_stake=0 (sermaye / max açık / Kelly)
⚠️  LABUSDT: compute_stake=0 (sermaye / max açık / Kelly)
⚠️  PLAYUSDT: compute_stake=0 (sermaye / max açık / Kelly)
⚠️  PLAYUSDT: compute_stake=0 (sermaye / max açık / Kelly)
⚠️  SYSUSDT: compute_stake=0 (sermaye / max açık / Kelly)
⚠️  SYSUSDT: compute_stake=0 (sermaye / max açık / Kelly)
⚠️  XVSUSDT: compute_stake=0 (sermaye / max açık / Kelly)
⚠️  PLAYUSDT: compute_stake=0 (sermaye / max açık / Kelly)
⚠️  SYSUSDT: compute_stake=0 (sermaye / max açık / Kelly)
⚠️  XVSUSDT: compute_stake=0 (sermaye / max açık / Kelly)
⚠️  XVSUSDT: compute_stake=0 (sermaye / max açık / Kelly)
⚠️  PLAYUSDT: compute_stake=0 (sermaye / max açık / Kelly)
⚠️  SYSUSDT: compute_stake=0 (sermaye / max açık / Kelly)
⚠️  BANANAS31USDT: compute_stake=0 (sermaye / max açık / Kelly)
⚠️  PLAYUSDT: compute_stake=0 (sermaye / max açık / Kelly)
⚠️  SYSUSDT: compute_stake=0 (sermaye / max açık / Kelly)
⚠️  AKTUSDT: compute_stake=0 (sermaye / max açık / Kelly)
⚠️  BANANAS31USDT: compute_stake=0 (sermaye / max açık / Kelly)
⚠️  PLAYUSDT: compute_stake=0 (sermaye / max açık / Kelly)
⚠️  SYSUSDT: compute_stake=0 (sermaye / max açık / Kelly)
⚠️  AKTUSDT: compute_stake=0 (sermaye / max açık / Kelly)
⚠️  AKTUSDT: compute_stake=0 (sermaye / max açık / Kelly)
⚠️  HANAUSDT: compute_stake=0 (sermaye / max açık / Kelly)
⚠️  AKTUSDT: compute_stake=0 (sermaye / max açık / Kelly)
⚠️  HANAUSDT: compute_stake=0 (sermaye / max açık / Kelly)
⚠️  HANAUSDT: compute_stake=0 (sermaye / max açık / Kelly)
⚠️  AKTUSDT: compute_stake=0 (sermaye / max açık / Kelly)
⚠️  HANAUSDT: compute_stake=0 (sermaye / max açık / Kelly)
⚠️  AKTUSDT: compute_stake=0 (sermaye / max açık / Kelly)
⚠️  HANAUSDT: compute_stake=0 (sermaye / max açık / Kelly)
⚠️  HANAUSDT: compute_stake=0 (sermaye / max açık / Kelly)
⚠️  XVSUSDT: compute_stake=0 (sermaye / max açık / Kelly)
⚠️  HANAUSDT: compute_stake=0 (sermaye / max açık / Kelly)
⚠️  XVSUSDT: compute_stake=0 (sermaye / max açık / Kelly)
⚠️  XVSUSDT: compute_stake=0 (sermaye / max açık / Kelly)
⚠️  RDNTUSDT: compute_stake=0 (sermaye / max açık / Kelly)
⚠️  SWELLUSDT: compute_stake=0 (sermaye / max açık / Kelly)
⚠️  PORT3USDT: compute_stake=0 (sermaye / max açık / Kelly)
⚠️  SLERFUSDT: compute_stake=0 (sermaye / max açık / Kelly)
⚠️  YALAUSDT: compute_stake=0 (sermaye / max açık / Kelly)
⚠️  ZRCUSDT: compute_stake=0 (sermaye / max açık / Kelly)
⚠️  TRUUSDT: compute_stake=0 (sermaye / max açık / Kelly)
⚠️  VOXELUSDT: compute_stake=0 (sermaye / max açık / Kelly)
⚠️  REIUSDT: compute_stake=0 (sermaye / max açık / Kelly)
⚠️  VINEUSDT: compute_stake=0 (sermaye / max açık / Kelly)
⚠️  SYSUSDT: compute_stake=0 (sermaye / max açık / Kelly)
⚠️  PTBUSDT: compute_stake=0 (sermaye / max açık / Kelly)
⚠️  SKATEUSDT: compute_stake=0 (sermaye / max açık / Kelly)
⚠️  HANAUSDT: compute_stake=0 (sermaye / max açık / Kelly)
⚠️  PLAYUSDT: compute_stake=0 (sermaye / max açık / Kelly)
⚠️  WIFUSDT: compute_stake=0 (sermaye / max açık / Kelly)
⚠️  PONKEUSDT: compute_stake=0 (sermaye / max açık / Kelly)
⚠️  HANAUSDT: compute_stake=0 (sermaye / max açık / Kelly)
⚠️  WIFUSDT: compute_stake=0 (sermaye / max açık / Kelly)
⚠️  PLAYUSDT: compute_stake=0 (sermaye / max açık / Kelly)
⚠️  PONKEUSDT: compute_stake=0 (sermaye / max açık / Kelly)
⚠️  PONKEUSDT: compute_stake=0 (sermaye / max açık / Kelly)
⚠️  WIFUSDT: compute_stake=0 (sermaye / max açık / Kelly)
⚠️  WIFUSDT: compute_stake=0 (sermaye / max açık / Kelly)
⚠️  DYDXUSDT: compute_stake=0 (sermaye / max açık / Kelly)
⚠️  PLAYUSDT: compute_stake=0 (sermaye / max açık / Kelly)
⚠️  PONKEUSDT: compute_stake=0 (sermaye / max açık / Kelly)
⚠️  WIFUSDT: compute_stake=0 (sermaye / max açık / Kelly)
⚠️  DYDXUSDT: compute_stake=0 (sermaye / max açık / Kelly)
⚠️  PLAYUSDT: compute_stake=0 (sermaye / max açık / Kelly)
⚠️  PONKEUSDT: compute_stake=0 (sermaye / max açık / Kelly)
⚠️  WIFUSDT: compute_stake=0 (sermaye / max açık / Kelly)
⚠️  DYDXUSDT: compute_stake=0 (sermaye / max açık / Kelly)
⚠️  PLAYUSDT: compute_stake=0 (sermaye / max açık / Kelly)
⚠️  PONKEUSDT: compute_stake=0 (sermaye / max açık / Kelly)
⚠️  WIFUSDT: compute_stake=0 (sermaye / max açık / Kelly)
⚠️  DUSKUSDT: compute_stake=0 (sermaye / max açık / Kelly)
⚠️  ESPORTSUSDT: compute_stake=0 (sermaye / max açık / Kelly)
⚠️  DYDXUSDT: compute_stake=0 (sermaye / max açık / Kelly)
⚠️  PONKEUSDT: compute_stake=0 (sermaye / max açık / Kelly)
⚠️  FHEUSDT: compute_stake=0 (sermaye / max açık / Kelly)
⚠️  WIFUSDT: compute_stake=0 (sermaye / max açık / Kelly)
⚠️  DUSKUSDT: compute_stake=0 (sermaye / max açık / Kelly)
⚠️  DYDXUSDT: compute_stake=0 (sermaye / max açık / Kelly)
⚠️  PONKEUSDT: compute_stake=0 (sermaye / max açık / Kelly)
⚠️  FHEUSDT: compute_stake=0 (sermaye / max açık / Kelly)
⚠️  WIFUSDT: compute_stake=0 (sermaye / max açık / Kelly)
⚠️  ESPORTSUSDT: compute_stake=0 (sermaye / max açık / Kelly)
⚠️  RDNTUSDT: compute_stake=0 (sermaye / max açık / Kelly)
⚠️  SWELLUSDT: compute_stake=0 (sermaye / max açık / Kelly)
⚠️  PORT3USDT: compute_stake=0 (sermaye / max açık / Kelly)
⚠️  SLERFUSDT: compute_stake=0 (sermaye / max açık / Kelly)
⚠️  YALAUSDT: compute_stake=0 (sermaye / max açık / Kelly)
⚠️  ZRCUSDT: compute_stake=0 (sermaye / max açık / Kelly)
⚠️  PONKEUSDT: compute_stake=0 (sermaye / max açık / Kelly)
⚠️  TRUUSDT: compute_stake=0 (sermaye / max açık / Kelly)
⚠️  VOXELUSDT: compute_stake=0 (sermaye / max açık / Kelly)
⚠️  REIUSDT: compute_stake=0 (sermaye / max açık / Kelly)
⚠️  VINEUSDT: compute_stake=0 (sermaye / max açık / Kelly)
⚠️  SYSUSDT: compute_stake=0 (sermaye / max açık / Kelly)
⚠️  PTBUSDT: compute_stake=0 (sermaye / max açık / Kelly)
⚠️  SKATEUSDT: compute_stake=0 (sermaye / max açık / Kelly)
⚠️  YALAUSDT: compute_stake=0 (sermaye / max açık / Kelly)
⚠️  ZRCUSDT: compute_stake=0 (sermaye / max açık / Kelly)
⚠️  VOXELUSDT: compute_stake=0 (sermaye / max açık / Kelly)
⚠️  VINEUSDT: compute_stake=0 (sermaye / max açık / Kelly)
⚠️  FIDAUSDT: compute_stake=0 (sermaye / max açık / Kelly)
⚠️  DUSKUSDT: compute_stake=0 (sermaye / max açık / Kelly)
⚠️  FHEUSDT: compute_stake=0 (sermaye / max açık / Kelly)
⚠️  FIDAUSDT: compute_stake=0 (sermaye / max açık / Kelly)
⚠️  DUSKUSDT: compute_stake=0 (sermaye / max açık / Kelly)
⚠️  FHEUSDT: compute_stake=0 (sermaye / max açık / Kelly)
⚠️  FIDAUSDT: compute_stake=0 (sermaye / max açık / Kelly)
⚠️  DUSKUSDT: compute_stake=0 (sermaye / max açık / Kelly)
⚠️  FHEUSDT: compute_stake=0 (sermaye / max açık / Kelly)
⚠️  DYDXUSDT: compute_stake=0 (sermaye / max açık / Kelly)
⚠️  FIDAUSDT: compute_stake=0 (sermaye / max açık / Kelly)
⚠️  PLAYUSDT: compute_stake=0 (sermaye / max açık / Kelly)
⚠️  DUSKUSDT: compute_stake=0 (sermaye / max açık / Kelly)
⚠️  FHEUSDT: compute_stake=0 (sermaye / max açık / Kelly)
⚠️  FIDAUSDT: compute_stake=0 (sermaye / max açık / Kelly)
⚠️  AGLDUSDT: compute_stake=0 (sermaye / max açık / Kelly)
⚠️  BANANAS31USDT: compute_stake=0 (sermaye / max açık / Kelly)
⚠️  PLAYUSDT: compute_stake=0 (sermaye / max açık / Kelly)
⚠️  DUSKUSDT: compute_stake=0 (sermaye / max açık / Kelly)
⚠️  FHEUSDT: compute_stake=0 (sermaye / max açık / Kelly)
⚠️  PLAYUSDT: compute_stake=0 (sermaye / max açık / Kelly)
⚠️  AGLDUSDT: compute_stake=0 (sermaye / max açık / Kelly)
⚠️  DUSKUSDT: compute_stake=0 (sermaye / max açık / Kelly)
⚠️  BANANAS31USDT: compute_stake=0 (sermaye / max açık / Kelly)
⚠️  FIDAUSDT: compute_stake=0 (sermaye / max açık / Kelly)
⚠️  FHEUSDT: compute_stake=0 (sermaye / max açık / Kelly)
⚠️  AGLDUSDT: compute_stake=0 (sermaye / max açık / Kelly)
⚠️  AGLDUSDT: compute_stake=0 (sermaye / max açık / Kelly)
⚠️  SWELLUSDT: compute_stake=0 (sermaye / max açık / Kelly)
⚠️  PLAYUSDT: compute_stake=0 (sermaye / max açık / Kelly)
⚠️  AGLDUSDT: compute_stake=0 (sermaye / max açık / Kelly)
⚠️  SWELLUSDT: compute_stake=0 (sermaye / max açık / Kelly)
⚠️  PLAYUSDT: compute_stake=0 (sermaye / max açık / Kelly)
⚠️  AGLDUSDT: compute_stake=0 (sermaye / max açık / Kelly)
⚠️  SWELLUSDT: compute_stake=0 (sermaye / max açık / Kelly)
⚠️  PLAYUSDT: compute_stake=0 (sermaye / max açık / Kelly)
⚠️  AGLDUSDT: compute_stake=0 (sermaye / max açık / Kelly)
⚠️  SWELLUSDT: compute_stake=0 (sermaye / max açık / Kelly)
⚠️  PONKEUSDT: compute_stake=0 (sermaye / max açık / Kelly)
⚠️  FIDAUSDT: compute_stake=0 (sermaye / max açık / Kelly)
⚠️  VANAUSDT: compute_stake=0 (sermaye / max açık / Kelly)
⚠️  AGLDUSDT: compute_stake=0 (sermaye / max açık / Kelly)
⚠️  SWELLUSDT: compute_stake=0 (sermaye / max açık / Kelly)
⚠️  PONKEUSDT: compute_stake=0 (sermaye / max açık / Kelly)
⚠️  FIDAUSDT: compute_stake=0 (sermaye / max açık / Kelly)
⚠️  VANAUSDT: compute_stake=0 (sermaye / max açık / Kelly)
⚠️  VANAUSDT: compute_stake=0 (sermaye / max açık / Kelly)
⚠️  AGLDUSDT: compute_stake=0 (sermaye / max açık / Kelly)
⚠️  SWELLUSDT: compute_stake=0 (sermaye / max açık / Kelly)
⚠️  PONKEUSDT: compute_stake=0 (sermaye / max açık / Kelly)
⚠️  FIDAUSDT: compute_stake=0 (sermaye / max açık / Kelly)
⚠️  VANAUSDT: compute_stake=0 (sermaye / max açık / Kelly)
⚠️  VANAUSDT: compute_stake=0 (sermaye / max açık / Kelly)
⚠️  PLAYUSDT: compute_stake=0 (sermaye / max açık / Kelly)
⚠️  SWELLUSDT: compute_stake=0 (sermaye / max açık / Kelly)
⚠️  SWELLUSDT: compute_stake=0 (sermaye / max açık / Kelly)
⚠️  AKTUSDT: compute_stake=0 (sermaye / max açık / Kelly)
⚠️  PONKEUSDT: compute_stake=0 (sermaye / max açık / Kelly)
⚠️  PONKEUSDT: compute_stake=0 (sermaye / max açık / Kelly)
⚠️  VANAUSDT: compute_stake=0 (sermaye / max açık / Kelly)
⚠️  SYSUSDT: compute_stake=0 (sermaye / max açık / Kelly)
⚠️  HANAUSDT: compute_stake=0 (sermaye / max açık / Kelly)
⚠️  PLAYUSDT: compute_stake=0 (sermaye / max açık / Kelly)
⚠️  VANAUSDT: compute_stake=0 (sermaye / max açık / Kelly)
⚠️  SWELLUSDT: compute_stake=0 (sermaye / max açık / Kelly)
⚠️  SWELLUSDT: compute_stake=0 (sermaye / max açık / Kelly)
⚠️  AKTUSDT: compute_stake=0 (sermaye / max açık / Kelly)
⚠️  PONKEUSDT: compute_stake=0 (sermaye / max açık / Kelly)
⚠️  PONKEUSDT: compute_stake=0 (sermaye / max açık / Kelly)
⚠️  SYSUSDT: compute_stake=0 (sermaye / max açık / Kelly)
⚠️  SYSUSDT: compute_stake=0 (sermaye / max açık / Kelly)
⚠️  HANAUSDT: compute_stake=0 (sermaye / max açık / Kelly)
⚠️  HANAUSDT: compute_stake=0 (sermaye / max açık / Kelly)
⚠️  VANAUSDT: compute_stake=0 (sermaye / max açık / Kelly)
⚠️  VANAUSDT: compute_stake=0 (sermaye / max açık / Kelly)
⚠️  SWELLUSDT: compute_stake=0 (sermaye / max açık / Kelly)
⚠️  SWELLUSDT: compute_stake=0 (sermaye / max açık / Kelly)
⚠️  AKTUSDT: compute_stake=0 (sermaye / max açık / Kelly)
⚠️  PONKEUSDT: compute_stake=0 (sermaye / max açık / Kelly)
⚠️  PONKEUSDT: compute_stake=0 (sermaye / max açık / Kelly)
⚠️  SYSUSDT: compute_stake=0 (sermaye / max açık / Kelly)
⚠️  SYSUSDT: compute_stake=0 (sermaye / max açık / Kelly)
⚠️  HANAUSDT: compute_stake=0 (sermaye / max açık / Kelly)
⚠️  HANAUSDT: compute_stake=0 (sermaye / max açık / Kelly)
⚠️  VANAUSDT: compute_stake=0 (sermaye / max açık / Kelly)
⚠️  VANAUSDT: compute_stake=0 (sermaye / max açık / Kelly)
⚠️  SWELLUSDT: compute_stake=0 (sermaye / max açık / Kelly)
⚠️  AKTUSDT: compute_stake=0 (sermaye / max açık / Kelly)
⚠️  PONKEUSDT: compute_stake=0 (sermaye / max açık / Kelly)
⚠️  SYSUSDT: compute_stake=0 (sermaye / max açık / Kelly)
⚠️  C98USDT: compute_stake=0 (sermaye / max açık / Kelly)
⚠️  SYSUSDT: compute_stake=0 (sermaye / max açık / Kelly)
⚠️  LABUSDT: compute_stake=0 (sermaye / max açık / Kelly)
⚠️  VANAUSDT: compute_stake=0 (sermaye / max açık / Kelly)
⚠️  AKTUSDT: compute_stake=0 (sermaye / max açık / Kelly)
⚠️  PONKEUSDT: compute_stake=0 (sermaye / max açık / Kelly)
⚠️  SYSUSDT: compute_stake=0 (sermaye / max açık / Kelly)
⚠️  SYSUSDT: compute_stake=0 (sermaye / max açık / Kelly)
⚠️  C98USDT: compute_stake=0 (sermaye / max açık / Kelly)
⚠️  LABUSDT: compute_stake=0 (sermaye / max açık / Kelly)
⚠️  AKTUSDT: compute_stake=0 (sermaye / max açık / Kelly)
⚠️  PONKEUSDT: compute_stake=0 (sermaye / max açık / Kelly)
⚠️  C98USDT: compute_stake=0 (sermaye / max açık / Kelly)
⚠️  1000PEPEUSDT: compute_stake=0 (sermaye / max açık / Kelly)
⚠️  LABUSDT: compute_stake=0 (sermaye / max açık / Kelly)
⚠️  SAHARAUSDT: compute_stake=0 (sermaye / max açık / Kelly)
⚠️  AKTUSDT: compute_stake=0 (sermaye / max açık / Kelly)
⚠️  PLAYUSDT: compute_stake=0 (sermaye / max açık / Kelly)
⚠️  EULUSDT: compute_stake=0 (sermaye / max açık / Kelly)
⚠️  C98USDT: compute_stake=0 (sermaye / max açık / Kelly)
⚠️  SAHARAUSDT: compute_stake=0 (sermaye / max açık / Kelly)
⚠️  AKTUSDT: compute_stake=0 (sermaye / max açık / Kelly)
⚠️  PLAYUSDT: compute_stake=0 (sermaye / max açık / Kelly)
⚠️  EULUSDT: compute_stake=0 (sermaye / max açık / Kelly)
⚠️  C98USDT: compute_stake=0 (sermaye / max açık / Kelly)
⚠️  SAHARAUSDT: compute_stake=0 (sermaye / max açık / Kelly)
⚠️  AKTUSDT: compute_stake=0 (sermaye / max açık / Kelly)
⚠️  PLAYUSDT: compute_stake=0 (sermaye / max açık / Kelly)
⚠️  EULUSDT: compute_stake=0 (sermaye / max açık / Kelly)
⚠️  C98USDT: compute_stake=0 (sermaye / max açık / Kelly)
⚠️  SAHARAUSDT: compute_stake=0 (sermaye / max açık / Kelly)
⚠️  PLAYUSDT: compute_stake=0 (sermaye / max açık / Kelly)
⚠️  PONKEUSDT: compute_stake=0 (sermaye / max açık / Kelly)
⚠️  EULUSDT: compute_stake=0 (sermaye / max açık / Kelly)
⚠️  HOMEUSDT: compute_stake=0 (sermaye / max açık / Kelly)
⚠️  SWELLUSDT: compute_stake=0 (sermaye / max açık / Kelly)
⚠️  C98USDT: compute_stake=0 (sermaye / max açık / Kelly)
⚠️  PLAYUSDT: compute_stake=0 (sermaye / max açık / Kelly)
⚠️  PONKEUSDT: compute_stake=0 (sermaye / max açık / Kelly)
⚠️  EULUSDT: compute_stake=0 (sermaye / max açık / Kelly)
⚠️  HOMEUSDT: compute_stake=0 (sermaye / max açık / Kelly)
⚠️  SWELLUSDT: compute_stake=0 (sermaye / max açık / Kelly)
⚠️  C98USDT: compute_stake=0 (sermaye / max açık / Kelly)
⚠️  PLAYUSDT: compute_stake=0 (sermaye / max açık / Kelly)
⚠️  PONKEUSDT: compute_stake=0 (sermaye / max açık / Kelly)
⚠️  EULUSDT: compute_stake=0 (sermaye / max açık / Kelly)
⚠️  HOMEUSDT: compute_stake=0 (sermaye / max açık / Kelly)
⚠️  SWELLUSDT: compute_stake=0 (sermaye / max açık / Kelly)
⚠️  C98USDT: compute_stake=0 (sermaye / max açık / Kelly)
⚠️  PONKEUSDT: compute_stake=0 (sermaye / max açık / Kelly)
⚠️  PLAYUSDT: compute_stake=0 (sermaye / max açık / Kelly)
⚠️  EULUSDT: compute_stake=0 (sermaye / max açık / Kelly)
⚠️  HOMEUSDT: compute_stake=0 (sermaye / max açık / Kelly)
⚠️  SUSDT: compute_stake=0 (sermaye / max açık / Kelly)
⚠️  SWELLUSDT: compute_stake=0 (sermaye / max açık / Kelly)
⚠️  PONKEUSDT: compute_stake=0 (sermaye / max açık / Kelly)
⚠️  PLAYUSDT: compute_stake=0 (sermaye / max açık / Kelly)
⚠️  EULUSDT: compute_stake=0 (sermaye / max açık / Kelly)
⚠️  HOMEUSDT: compute_stake=0 (sermaye / max açık / Kelly)
⚠️  SUSDT: compute_stake=0 (sermaye / max açık / Kelly)
⚠️  SWELLUSDT: compute_stake=0 (sermaye / max açık / Kelly)
⚠️  PONKEUSDT: compute_stake=0 (sermaye / max açık / Kelly)
⚠️  PLAYUSDT: compute_stake=0 (sermaye / max açık / Kelly)
⚠️  HOMEUSDT: compute_stake=0 (sermaye / max açık / Kelly)
⚠️  EULUSDT: compute_stake=0 (sermaye / max açık / Kelly)
⚠️  SUSDT: compute_stake=0 (sermaye / max açık / Kelly)
⚠️  SWELLUSDT: compute_stake=0 (sermaye / max açık / Kelly)
⚠️  PONKEUSDT: compute_stake=0 (sermaye / max açık / Kelly)
⚠️  PLAYUSDT: compute_stake=0 (sermaye / max açık / Kelly)
⚠️  DODOXUSDT: compute_stake=0 (sermaye / max açık / Kelly)
⚠️  RONINUSDT: compute_stake=0 (sermaye / max açık / Kelly)
⚠️  PONKEUSDT: compute_stake=0 (sermaye / max açık / Kelly)
⚠️  PLAYUSDT: compute_stake=0 (sermaye / max açık / Kelly)
⚠️  DODOXUSDT: compute_stake=0 (sermaye / max açık / Kelly)
⚠️  RONINUSDT: compute_stake=0 (sermaye / max açık / Kelly)
⚠️  PONKEUSDT: compute_stake=0 (sermaye / max açık / Kelly)
INFO:     127.0.0.1:62887 - "GET / HTTP/1.1" 200 OK
⚠️  PLAYUSDT: compute_stake=0 (sermaye / max açık / Kelly)
⚠️  DODOXUSDT: compute_stake=0 (sermaye / max açık / Kelly)
⚠️  RONINUSDT: compute_stake=0 (sermaye / max açık / Kelly)
INFO:     connection closed
INFO:     127.0.0.1:62890 - "WebSocket /ws" [accepted]
INFO:     connection open
⚠️  ATAUSDT: compute_stake=0 (sermaye / max açık / Kelly)
⚠️  DODOXUSDT: compute_stake=0 (sermaye / max açık / Kelly)
⚠️  NEARUSDT: compute_stake=0 (sermaye / max açık / Kelly)
⚠️  ATAUSDT: compute_stake=0 (sermaye / max açık / Kelly)
⚠️  DODOXUSDT: compute_stake=0 (sermaye / max açık / Kelly)
⚠️  NEARUSDT: compute_stake=0 (sermaye / max açık / Kelly)
⚠️  PLAYUSDT: compute_stake=0 (sermaye / max açık / Kelly)
⚠️  RONINUSDT: compute_stake=0 (sermaye / max açık / Kelly)
⚠️  NEARUSDT: compute_stake=0 (sermaye / max açık / Kelly)
⚠️  PUMPBTCUSDT: compute_stake=0 (sermaye / max açık / Kelly)
⚠️  PUMPBTCUSDT: compute_stake=0 (sermaye / max açık / Kelly)
⚠️  SLERFUSDT: compute_stake=0 (sermaye / max açık / Kelly)
⚠️  PLAYUSDT: compute_stake=0 (sermaye / max açık / Kelly)
⚠️  PUMPBTCUSDT: compute_stake=0 (sermaye / max açık / Kelly)
⚠️  SLERFUSDT: compute_stake=0 (sermaye / max açık / Kelly)
⚠️  PUMPBTCUSDT: compute_stake=0 (sermaye / max açık / Kelly)
⚠️  SLERFUSDT: compute_stake=0 (sermaye / max açık / Kelly)
⚠️  PUMPBTCUSDT: compute_stake=0 (sermaye / max açık / Kelly)
⚠️  SLERFUSDT: compute_stake=0 (sermaye / max açık / Kelly)
⚠️  SLERFUSDT: compute_stake=0 (sermaye / max açık / Kelly)
⚠️  PLAYUSDT: compute_stake=0 (sermaye / max açık / Kelly)
⚠️  SLERFUSDT: compute_stake=0 (sermaye / max açık / Kelly)
⚠️  PLAYUSDT: compute_stake=0 (sermaye / max açık / Kelly)
⚠️  SLERFUSDT: compute_stake=0 (sermaye / max açık / Kelly)
⚠️  PLAYUSDT: compute_stake=0 (sermaye / max açık / Kelly)
⚠️  SLERFUSDT: compute_stake=0 (sermaye / max açık / Kelly)
⚠️  AIUSDT: compute_stake=0 (sermaye / max açık / Kelly)
⚠️  PLAYUSDT: compute_stake=0 (sermaye / max açık / Kelly)
⚠️  SLERFUSDT: compute_stake=0 (sermaye / max açık / Kelly)
⚠️  AIUSDT: compute_stake=0 (sermaye / max açık / Kelly)
⚠️  PLAYUSDT: compute_stake=0 (sermaye / max açık / Kelly)
⚠️  SLERFUSDT: compute_stake=0 (sermaye / max açık / Kelly)
⚠️  AIUSDT: compute_stake=0 (sermaye / max açık / Kelly)
⚠️  PLAYUSDT: compute_stake=0 (sermaye / max açık / Kelly)
⚠️  SLERFUSDT: compute_stake=0 (sermaye / max açık / Kelly)
⚠️  SLERFUSDT: compute_stake=0 (sermaye / max açık / Kelly)
⚠️  AIUSDT: compute_stake=0 (sermaye / max açık / Kelly)
⚠️  PLAYUSDT: compute_stake=0 (sermaye / max açık / Kelly)
⚠️  GUAUSDT: compute_stake=0 (sermaye / max açık / Kelly)
⚠️  PLAYUSDT: compute_stake=0 (sermaye / max açık / Kelly)
⚠️  SLERFUSDT: compute_stake=0 (sermaye / max açık / Kelly)
⚠️  HANAUSDT: compute_stake=0 (sermaye / max açık / Kelly)
⚠️  AIUSDT: compute_stake=0 (sermaye / max açık / Kelly)
⚠️  PLAYUSDT: compute_stake=0 (sermaye / max açık / Kelly)
⚠️  GUAUSDT: compute_stake=0 (sermaye / max açık / Kelly)
⚠️  PLAYUSDT: compute_stake=0 (sermaye / max açık / Kelly)
⚠️  SLERFUSDT: compute_stake=0 (sermaye / max açık / Kelly)
⚠️  AIUSDT: compute_stake=0 (sermaye / max açık / Kelly)
⚠️  HANAUSDT: compute_stake=0 (sermaye / max açık / Kelly)
⚠️  AIUSDT: compute_stake=0 (sermaye / max açık / Kelly)
⚠️  PLAYUSDT: compute_stake=0 (sermaye / max açık / Kelly)
⚠️  GUAUSDT: compute_stake=0 (sermaye / max açık / Kelly)
⚠️  SLERFUSDT: compute_stake=0 (sermaye / max açık / Kelly)
⚠️  SLERFUSDT: compute_stake=0 (sermaye / max açık / Kelly)
⚠️  AIUSDT: compute_stake=0 (sermaye / max açık / Kelly)
⚠️  HANAUSDT: compute_stake=0 (sermaye / max açık / Kelly)
⚠️  AIUSDT: compute_stake=0 (sermaye / max açık / Kelly)
⚠️  GUAUSDT: compute_stake=0 (sermaye / max açık / Kelly)
⚠️  PLAYUSDT: compute_stake=0 (sermaye / max açık / Kelly)
⚠️  GUAUSDT: compute_stake=0 (sermaye / max açık / Kelly)
⚠️  SLERFUSDT: compute_stake=0 (sermaye / max açık / Kelly)
⚠️  SLERFUSDT: compute_stake=0 (sermaye / max açık / Kelly)
⚠️  AIUSDT: compute_stake=0 (sermaye / max açık / Kelly)
⚠️  HANAUSDT: compute_stake=0 (sermaye / max açık / Kelly)
⚠️  HANAUSDT: compute_stake=0 (sermaye / max açık / Kelly)
⚠️  PLAYUSDT: compute_stake=0 (sermaye / max açık / Kelly)
⚠️  GUAUSDT: compute_stake=0 (sermaye / max açık / Kelly)
⚠️  PLAYUSDT: compute_stake=0 (sermaye / max açık / Kelly)
⚠️  GUAUSDT: compute_stake=0 (sermaye / max açık / Kelly)
⚠️  SLERFUSDT: compute_stake=0 (sermaye / max açık / Kelly)
⚠️  SLERFUSDT: compute_stake=0 (sermaye / max açık / Kelly)
⚠️  AIUSDT: compute_stake=0 (sermaye / max açık / Kelly)
⚠️  HANAUSDT: compute_stake=0 (sermaye / max açık / Kelly)
⚠️  HANAUSDT: compute_stake=0 (sermaye / max açık / Kelly)
⚠️  PLAYUSDT: compute_stake=0 (sermaye / max açık / Kelly)
⚠️  GUAUSDT: compute_stake=0 (sermaye / max açık / Kelly)
⚠️  PLAYUSDT: compute_stake=0 (sermaye / max açık / Kelly)
⚠️  GUAUSDT: compute_stake=0 (sermaye / max açık / Kelly)
⚠️  SLERFUSDT: compute_stake=0 (sermaye / max açık / Kelly)
⚠️  AIUSDT: compute_stake=0 (sermaye / max açık / Kelly)
⚠️  AIUSDT: compute_stake=0 (sermaye / max açık / Kelly)
⚠️  HANAUSDT: compute_stake=0 (sermaye / max açık / Kelly)
⚠️  HANAUSDT: compute_stake=0 (sermaye / max açık / Kelly)
⚠️  PLAYUSDT: compute_stake=0 (sermaye / max açık / Kelly)
⚠️  GUAUSDT: compute_stake=0 (sermaye / max açık / Kelly)
⚠️  SLERFUSDT: compute_stake=0 (sermaye / max açık / Kelly)
⚠️  PHAUSDT: compute_stake=0 (sermaye / max açık / Kelly)
⚠️  AIUSDT: compute_stake=0 (sermaye / max açık / Kelly)
⚠️  AIUSDT: compute_stake=0 (sermaye / max açık / Kelly)
⚠️  HANAUSDT: compute_stake=0 (sermaye / max açık / Kelly)
⚠️  PLAYUSDT: compute_stake=0 (sermaye / max açık / Kelly)
INFO:     127.0.0.1:62888 - "GET / HTTP/1.1" 200 OK
INFO:     connection closed
INFO:     127.0.0.1:62910 - "WebSocket /ws" [accepted]
INFO:     connection open
⚠️  GUAUSDT: compute_stake=0 (sermaye / max açık / Kelly)
⚠️  GUAUSDT: compute_stake=0 (sermaye / max açık / Kelly)
⚠️  PLAYUSDT: compute_stake=0 (sermaye / max açık / Kelly)
⚠️  PHAUSDT: compute_stake=0 (sermaye / max açık / Kelly)
⚠️  AIUSDT: compute_stake=0 (sermaye / max açık / Kelly)
⚠️  HANAUSDT: compute_stake=0 (sermaye / max açık / Kelly)
⚠️  PLAYUSDT: compute_stake=0 (sermaye / max açık / Kelly)
⚠️  HANAUSDT: compute_stake=0 (sermaye / max açık / Kelly)
⚠️  GUAUSDT: compute_stake=0 (sermaye / max açık / Kelly)
⚠️  PLAYUSDT: compute_stake=0 (sermaye / max açık / Kelly)
⚠️  PLAYUSDT: compute_stake=0 (sermaye / max açık / Kelly)
⚠️  JTOUSDT: compute_stake=0 (sermaye / max açık / Kelly)
⚠️  PHAUSDT: compute_stake=0 (sermaye / max açık / Kelly)
⚠️  AIUSDT: compute_stake=0 (sermaye / max açık / Kelly)
⚠️  HANAUSDT: compute_stake=0 (sermaye / max açık / Kelly)
⚠️  GUAUSDT: compute_stake=0 (sermaye / max açık / Kelly)
⚠️  PLAYUSDT: compute_stake=0 (sermaye / max açık / Kelly)
⚠️  JTOUSDT: compute_stake=0 (sermaye / max açık / Kelly)
⚠️  PHAUSDT: compute_stake=0 (sermaye / max açık / Kelly)
⚠️  JTOUSDT: compute_stake=0 (sermaye / max açık / Kelly)
⚠️  PHAUSDT: compute_stake=0 (sermaye / max açık / Kelly)
⚠️  AIUSDT: compute_stake=0 (sermaye / max açık / Kelly)
⚠️  GWEIUSDT: compute_stake=0 (sermaye / max açık / Kelly)
⚠️  GUAUSDT: compute_stake=0 (sermaye / max açık / Kelly)
⚠️  JTOUSDT: compute_stake=0 (sermaye / max açık / Kelly)
⚠️  JTOUSDT: compute_stake=0 (sermaye / max açık / Kelly)
⚠️  PHAUSDT: compute_stake=0 (sermaye / max açık / Kelly)
⚠️  PHAUSDT: compute_stake=0 (sermaye / max açık / Kelly)
⚠️  AIUSDT: compute_stake=0 (sermaye / max açık / Kelly)
⚠️  ICNTUSDT: compute_stake=0 (sermaye / max açık / Kelly)
⚠️  GWEIUSDT: compute_stake=0 (sermaye / max açık / Kelly)
⚠️  FIDAUSDT: compute_stake=0 (sermaye / max açık / Kelly)
⚠️  GUAUSDT: compute_stake=0 (sermaye / max açık / Kelly)
⚠️  JTOUSDT: compute_stake=0 (sermaye / max açık / Kelly)
⚠️  JTOUSDT: compute_stake=0 (sermaye / max açık / Kelly)
⚠️  PHAUSDT: compute_stake=0 (sermaye / max açık / Kelly)
⚠️  PHAUSDT: compute_stake=0 (sermaye / max açık / Kelly)
⚠️  AIUSDT: compute_stake=0 (sermaye / max açık / Kelly)
⚠️  ICNTUSDT: compute_stake=0 (sermaye / max açık / Kelly)
⚠️  GUAUSDT: compute_stake=0 (sermaye / max açık / Kelly)
⚠️  GUAUSDT: compute_stake=0 (sermaye / max açık / Kelly)
⚠️  JTOUSDT: compute_stake=0 (sermaye / max açık / Kelly)
⚠️  PHAUSDT: compute_stake=0 (sermaye / max açık / Kelly)
⚠️  AIUSDT: compute_stake=0 (sermaye / max açık / Kelly)
⚠️  ICNTUSDT: compute_stake=0 (sermaye / max açık / Kelly)
⚠️  ICNTUSDT: compute_stake=0 (sermaye / max açık / Kelly)
⚠️  GUAUSDT: compute_stake=0 (sermaye / max açık / Kelly)
⚠️  PLAYUSDT: compute_stake=0 (sermaye / max açık / Kelly)
⚠️  PHAUSDT: compute_stake=0 (sermaye / max açık / Kelly)
⚠️  ICNTUSDT: compute_stake=0 (sermaye / max açık / Kelly)
⚠️  GUAUSDT: compute_stake=0 (sermaye / max açık / Kelly)
⚠️  PONKEUSDT: compute_stake=0 (sermaye / max açık / Kelly)
⚠️  ICNTUSDT: compute_stake=0 (sermaye / max açık / Kelly)
⚠️  PHAUSDT: compute_stake=0 (sermaye / max açık / Kelly)
⚠️  GUAUSDT: compute_stake=0 (sermaye / max açık / Kelly)
⚠️  PONKEUSDT: compute_stake=0 (sermaye / max açık / Kelly)
⚠️  ICNTUSDT: compute_stake=0 (sermaye / max açık / Kelly)
⚠️  SAPIENUSDT: compute_stake=0 (sermaye / max açık / Kelly)
⚠️  GUAUSDT: compute_stake=0 (sermaye / max açık / Kelly)
⚠️  PONKEUSDT: compute_stake=0 (sermaye / max açık / Kelly)
⚠️  ICNTUSDT: compute_stake=0 (sermaye / max açık / Kelly)
⚠️  GUAUSDT: compute_stake=0 (sermaye / max açık / Kelly)
⚠️  PONKEUSDT: compute_stake=0 (sermaye / max açık / Kelly)
⚠️  GUAUSDT: compute_stake=0 (sermaye / max açık / Kelly)
⚠️  PONKEUSDT: compute_stake=0 (sermaye / max açık / Kelly)
⚠️  GUAUSDT: compute_stake=0 (sermaye / max açık / Kelly)
⚠️  PONKEUSDT: compute_stake=0 (sermaye / max açık / Kelly)
⚠️  PLAYUSDT: compute_stake=0 (sermaye / max açık / Kelly)
⚠️  SWELLUSDT: compute_stake=0 (sermaye / max açık / Kelly)
⚠️  PLAYUSDT: compute_stake=0 (sermaye / max açık / Kelly)
⚠️  SWELLUSDT: compute_stake=0 (sermaye / max açık / Kelly)
⚠️  PLAYUSDT: compute_stake=0 (sermaye / max açık / Kelly)
⚠️  JTOUSDT: compute_stake=0 (sermaye / max açık / Kelly)
⚠️  SWELLUSDT: compute_stake=0 (sermaye / max açık / Kelly)
⚠️  BIOUSDT: compute_stake=0 (sermaye / max açık / Kelly)
⚠️  ESPORTSUSDT: compute_stake=0 (sermaye / max açık / Kelly)
⚠️  JTOUSDT: compute_stake=0 (sermaye / max açık / Kelly)
⚠️  SWELLUSDT: compute_stake=0 (sermaye / max açık / Kelly)
⚠️  SWELLUSDT: compute_stake=0 (sermaye / max açık / Kelly)
⚠️  BIOUSDT: compute_stake=0 (sermaye / max açık / Kelly)
⚠️  JTOUSDT: compute_stake=0 (sermaye / max açık / Kelly)
⚠️  SWELLUSDT: compute_stake=0 (sermaye / max açık / Kelly)
⚠️  SWELLUSDT: compute_stake=0 (sermaye / max açık / Kelly)
⚠️  BIOUSDT: compute_stake=0 (sermaye / max açık / Kelly)
⚠️  SWELLUSDT: compute_stake=0 (sermaye / max açık / Kelly)
⚠️  SWELLUSDT: compute_stake=0 (sermaye / max açık / Kelly)
⚠️  JTOUSDT: compute_stake=0 (sermaye / max açık / Kelly)
⚠️  TOKENUSDT: compute_stake=0 (sermaye / max açık / Kelly)
⚠️  SWELLUSDT: compute_stake=0 (sermaye / max açık / Kelly)
⚠️  SWELLUSDT: compute_stake=0 (sermaye / max açık / Kelly)
⚠️  JTOUSDT: compute_stake=0 (sermaye / max açık / Kelly)
⚠️  TOKENUSDT: compute_stake=0 (sermaye / max açık / Kelly)
⚠️  SWELLUSDT: compute_stake=0 (sermaye / max açık / Kelly)
⚠️  SWELLUSDT: compute_stake=0 (sermaye / max açık / Kelly)
⚠️  JTOUSDT: compute_stake=0 (sermaye / max açık / Kelly)
⚠️  GUAUSDT: compute_stake=0 (sermaye / max açık / Kelly)
⚠️  SWELLUSDT: compute_stake=0 (sermaye / max açık / Kelly)
⚠️  JTOUSDT: compute_stake=0 (sermaye / max açık / Kelly)
⚠️  SCRTUSDT: compute_stake=0 (sermaye / max açık / Kelly)
⚠️  SCRTUSDT: compute_stake=0 (sermaye / max açık / Kelly)
⚠️  SCRTUSDT: compute_stake=0 (sermaye / max açık / Kelly)
⚠️  LABUSDT: compute_stake=0 (sermaye / max açık / Kelly)
⚠️  ONUSDT: compute_stake=0 (sermaye / max açık / Kelly)
⚠️  MUSDT: compute_stake=0 (sermaye / max açık / Kelly)
⚠️  SCRTUSDT: compute_stake=0 (sermaye / max açık / Kelly)
⚠️  LABUSDT: compute_stake=0 (sermaye / max açık / Kelly)
⚠️  ONUSDT: compute_stake=0 (sermaye / max açık / Kelly)
⚠️  MUSDT: compute_stake=0 (sermaye / max açık / Kelly)
⚠️  SCRTUSDT: compute_stake=0 (sermaye / max açık / Kelly)
⚠️  LABUSDT: compute_stake=0 (sermaye / max açık / Kelly)
⚠️  BRUSDT: compute_stake=0 (sermaye / max açık / Kelly)
⚠️  MUSDT: compute_stake=0 (sermaye / max açık / Kelly)
⚠️  SCRTUSDT: compute_stake=0 (sermaye / max açık / Kelly)
⚠️  LABUSDT: compute_stake=0 (sermaye / max açık / Kelly)
⚠️  BRUSDT: compute_stake=0 (sermaye / max açık / Kelly)
⚠️  SCRTUSDT: compute_stake=0 (sermaye / max açık / Kelly)
⚠️  LABUSDT: compute_stake=0 (sermaye / max açık / Kelly)
⚠️  BRUSDT: compute_stake=0 (sermaye / max açık / Kelly)
INFO:     127.0.0.1:62907 - "GET / HTTP/1.1" 200 OK
INFO:     connection closed
INFO:     127.0.0.1:62959 - "WebSocket /ws" [accepted]
INFO:     connection open
⚠️  SCRTUSDT: compute_stake=0 (sermaye / max açık / Kelly)
⚠️  LABUSDT: compute_stake=0 (sermaye / max açık / Kelly)
⚠️  BRUSDT: compute_stake=0 (sermaye / max açık / Kelly)
  ✓ Borsa kapanış SXTUSDT TP qty=64212.0
✅ Closed #6: SXTUSDT | $1.19
  ✓ Borsa emri #124859861 LONG SCRTUSDT 3x qty=17278.0
✅ LONG SCRTUSDT @ $0.08 | 3x | stake=$486 | kelly_raw=$1000 | score=0.66
🤖 Demo emir: SCRTUSDT LONG Δ+0.78%
⚠️  COLLECTUSDT: compute_stake=0 (sermaye / max açık / Kelly)
⚠️  MLNUSDT: compute_stake=0 (sermaye / max açık / Kelly)
⚠️  BRUSDT: compute_stake=0 (sermaye / max açık / Kelly)
⚠️  SWELLUSDT: compute_stake=0 (sermaye / max açık / Kelly)
  ✓ Borsa kapanış SCRTUSDT TP qty=17278.0
✅ Closed #10: SCRTUSDT | $5.48
  ✓ Borsa emri #80970123 SHORT COLLECTUSDT 3x qty=14958.0
✅ SHORT COLLECTUSDT @ $0.05 | 3x | stake=$250 | kelly_raw=$0 | score=0.63
🤖 Demo emir: COLLECTUSDT SHORT Δ-0.62%
⚠️  MLNUSDT: compute_stake=0 (sermaye / max açık / Kelly)
⚠️  INXUSDT: compute_stake=0 (sermaye / max açık / Kelly)
⚠️  TOKENUSDT: compute_stake=0 (sermaye / max açık / Kelly)
⚠️  SWELLUSDT: compute_stake=0 (sermaye / max açık / Kelly)
  ✓ Borsa kapanış COLLECTUSDT TP qty=14958.0
✅ Closed #11: COLLECTUSDT | $4.02
  ✓ Borsa emri #95546327 SHORT SYSUSDT 3x qty=188213.0
✅ SHORT SYSUSDT @ $0.00 | 3x | stake=$250 | kelly_raw=$0 | score=0.63
🤖 Demo emir: SYSUSDT SHORT Δ-0.57%
⚠️  SLERFUSDT: compute_stake=0 (sermaye / max açık / Kelly)
⚠️  MLNUSDT: compute_stake=0 (sermaye / max açık / Kelly)
⚠️  SAHARAUSDT: compute_stake=0 (sermaye / max açık / Kelly)
⚠️  SWELLUSDT: compute_stake=0 (sermaye / max açık / Kelly)
⚠️  INXUSDT: compute_stake=0 (sermaye / max açık / Kelly)
⚠️  TOKENUSDT: compute_stake=0 (sermaye / max açık / Kelly)
⚠️  VELVETUSDT: compute_stake=0 (sermaye / max açık / Kelly)
⚠️  PLAYUSDT: compute_stake=0 (sermaye / max açık / Kelly)
⚠️  NFPUSDT: compute_stake=0 (sermaye / max açık / Kelly)
  ✓ Borsa kapanış SYSUSDT TP qty=188213.0
✅ Closed #12: SYSUSDT | $5.41
  ✓ Borsa emri #136189071 LONG PLAYUSDT 3x qty=12275.0
✅ LONG PLAYUSDT @ $0.12 | 3x | stake=$486 | kelly_raw=$1000 | score=0.63
🤖 Demo emir: PLAYUSDT LONG Δ+0.62%
⚠️  SLERFUSDT: compute_stake=0 (sermaye / max açık / Kelly)
⚠️  TOKENUSDT: compute_stake=0 (sermaye / max açık / Kelly)
⚠️  ZEREBROUSDT: compute_stake=0 (sermaye / max açık / Kelly)
⚠️  VELVETUSDT: compute_stake=0 (sermaye / max açık / Kelly)
⚠️  SWELLUSDT: compute_stake=0 (sermaye / max açık / Kelly)
⚠️  TOKENUSDT: compute_stake=0 (sermaye / max açık / Kelly)
⚠️  SLERFUSDT: compute_stake=0 (sermaye / max açık / Kelly)
⚠️  MLNUSDT: compute_stake=0 (sermaye / max açık / Kelly)
⚠️  VELVETUSDT: compute_stake=0 (sermaye / max açık / Kelly)
⚠️  SWELLUSDT: compute_stake=0 (sermaye / max açık / Kelly)
⚠️  NFPUSDT: compute_stake=0 (sermaye / max açık / Kelly)
⚠️  NILUSDT: compute_stake=0 (sermaye / max açık / Kelly)
⚠️  SAHARAUSDT: compute_stake=0 (sermaye / max açık / Kelly)
  ✓ Borsa kapanış PLAYUSDT TP qty=12275.0
✅ Closed #13: PLAYUSDT | $3.03
  ⛔ Borsa açılış başarısız TOKENUSDT: Binance 400: {"code":-4005,"msg":"Quantity greater than max quantity."}
  ⛔ Borsa açılış başarısız SLERFUSDT: Binance 400: {"code":-4005,"msg":"Quantity greater than max quantity."}
  ✓ Borsa emri #135847036 LONG MLNUSDT 3x qty=657.57
✅ LONG MLNUSDT @ $2.22 | 3x | stake=$486 | kelly_raw=$1000 | score=0.59
🤖 Demo emir: MLNUSDT LONG Δ+0.36%
⚠️  SWELLUSDT: compute_stake=0 (sermaye / max açık / Kelly)
⚠️  SAHARAUSDT: compute_stake=0 (sermaye / max açık / Kelly)
⚠️  NILUSDT: compute_stake=0 (sermaye / max açık / Kelly)
⚠️  VELVETUSDT: compute_stake=0 (sermaye / max açık / Kelly)
⚠️  NFPUSDT: compute_stake=0 (sermaye / max açık / Kelly)
  ✓ Borsa kapanış MLNUSDT TP qty=657.57
✅ Closed #14: MLNUSDT | $3.10
  ⛔ Borsa açılış başarısız TOKENUSDT: Binance 400: {"code":-4005,"msg":"Quantity greater than max quantity."}
  ⛔ Borsa açılış başarısız SLERFUSDT: Binance 400: {"code":-4005,"msg":"Quantity greater than max quantity."}
  ⚠ Binance API: 403 Forbidden
     Emirler PAPER simülasyonda. Demo API: https://demo.binance.com → API Management (Futures)
━━━━━━━━━━━━━━━━━━━━━━━━━━━━━━━━━━━━━━━━━━━━━━━━━━━━━━━━━━━━━━━━━━━━━━━━━━━━━━━━
🚀 BINANCE FUTURES ELITE PRO — senaryo: binance_elite_8300_9005.env
━━━━━━━━━━━━━━━━━━━━━━━━━━━━━━━━━━━━━━━━━━━━━━━━━━━━━━━━━━━━━━━━━━━━━━━━━━━━━━━━
📡 Access: http://localhost:9005
💰 STARTING_BALANCE: $5,000 | ELITE_MAX_OPEN: 14
📐 TP: ELITE_TP_STAKE_PCT=0.007 × ELITE_TP_TRIGGER_FRAC=1.0 | SL: ELITE_SL_STAKE_PCT=0.022
🔧 Mode: PAPER | watchlist: 0 sembol
  ⚠ BINANCE_LIVE_ORDERS=1 ama API paper — anahtarları kontrol edin
━━━━━━━━━━━━━━━━━━━━━━━━━━━━━━━━━━━━━━━━━━━━━━━━━━━━━━━━━━━━━━━━━━━━━━━━━━━━━━━━
INFO:     Started server process [90269]
INFO:     Waiting for application startup.
  ⚠ Demo API geçici yok (SSL/ağ) — panel PAPER; 30sn'de yeniden denenecek
  ⚠ Binance API: 403 Forbidden
     Emirler PAPER simülasyonda. Demo API: https://demo.binance.com → API Management (Futures)
  ↻ Demo API denemesi başarısız: 403 Forbidden
  📡 Mark WS (!markPrice@arr) — 0 sembol evreni
INFO:     Application startup complete.
ERROR:    [Errno 48] error while attempting to bind on address ('0.0.0.0', 9005): address already in use
INFO:     Waiting for application shutdown.
INFO:     Application shutdown complete.
  ✓ Borsa emri #109822273 LONG NILUSDT 3x qty=25230.5
✅ LONG NILUSDT @ $0.06 | 3x | stake=$474 | kelly_raw=$1000 | score=0.59
🤖 Demo emir: NILUSDT LONG Δ+0.35%
⚠️  SAHARAUSDT: compute_stake=0 (sermaye / max açık / Kelly)
⚠️  SWELLUSDT: compute_stake=0 (sermaye / max açık / Kelly)
⚠️  VELVETUSDT: compute_stake=0 (sermaye / max açık / Kelly)
⚠️  PROVEUSDT: compute_stake=0 (sermaye / max açık / Kelly)
⚠️  NFPUSDT: compute_stake=0 (sermaye / max açık / Kelly)
  ✓ Borsa kapanış SPORTFUNUSDT SL qty=33820.0
✅ Closed #1: SPORTFUNUSDT | $-11.56
  ⛔ Borsa açılış başarısız TOKENUSDT: Binance 400: {"code":-4005,"msg":"Quantity greater than max quantity."}
  ✓ Borsa emri #85065570 SHORT SAHARAUSDT 3x qty=20346.0
✅ SHORT SAHARAUSDT @ $0.04 | 3x | stake=$250 | kelly_raw=$0 | score=0.60
🤖 Demo emir: SAHARAUSDT SHORT Δ-0.40%
⚠️  SLERFUSDT: compute_stake=0 (sermaye / max açık / Kelly)
⚠️  VVVUSDT: compute_stake=0 (sermaye / max açık / Kelly)
⚠️  VELVETUSDT: compute_stake=0 (sermaye / max açık / Kelly)
⚠️  SWELLUSDT: compute_stake=0 (sermaye / max açık / Kelly)
INFO:     127.0.0.1:63002 - "GET /api/live HTTP/1.1" 200 OK
  ✓ Borsa kapanış SAHARAUSDT TP qty=20346.0
✅ Closed #16: SAHARAUSDT | $3.86
  ✓ Borsa emri #119619949 SHORT VVVUSDT 3x qty=41.55
✅ SHORT VVVUSDT @ $18.05 | 3x | stake=$250 | kelly_raw=$0 | score=0.60
🤖 Demo emir: VVVUSDT SHORT Δ-0.41%
⚠️  VELVETUSDT: compute_stake=0 (sermaye / max açık / Kelly)
⚠️  ZENUSDT: compute_stake=0 (sermaye / max açık / Kelly)
⚠️  XPLUSDT: compute_stake=0 (sermaye / max açık / Kelly)
⚠️  XPLUSDT: compute_stake=0 (sermaye / max açık / Kelly)
⚠️  VIRTUALUSDT: compute_stake=0 (sermaye / max açık / Kelly)
⚠️  WCTUSDT: compute_stake=0 (sermaye / max açık / Kelly)
⚠️  ZENUSDT: compute_stake=0 (sermaye / max açık / Kelly)
⚠️  VELVETUSDT: compute_stake=0 (sermaye / max açık / Kelly)
⚠️  XPLUSDT: compute_stake=0 (sermaye / max açık / Kelly)
⚠️  VIRTUALUSDT: compute_stake=0 (sermaye / max açık / Kelly)
⚠️  WCTUSDT: compute_stake=0 (sermaye / max açık / Kelly)
⚠️  ZENUSDT: compute_stake=0 (sermaye / max açık / Kelly)
⚠️  UNIUSDT: compute_stake=0 (sermaye / max açık / Kelly)
INFO:     127.0.0.1:63004 - "GET /api/live HTTP/1.1" 200 OK
⚠️  XPLUSDT: compute_stake=0 (sermaye / max açık / Kelly)
⚠️  VIRTUALUSDT: compute_stake=0 (sermaye / max açık / Kelly)
⚠️  ZENUSDT: compute_stake=0 (sermaye / max açık / Kelly)
⚠️  WCTUSDT: compute_stake=0 (sermaye / max açık / Kelly)
⚠️  XPLUSDT: compute_stake=0 (sermaye / max açık / Kelly)
⚠️  VIRTUALUSDT: compute_stake=0 (sermaye / max açık / Kelly)
⚠️  YBUSDT: compute_stake=0 (sermaye / max açık / Kelly)
⚠️  WCTUSDT: compute_stake=0 (sermaye / max açık / Kelly)
⚠️  VELODROMEUSDT: compute_stake=0 (sermaye / max açık / Kelly)
⚠️  VANRYUSDT: compute_stake=0 (sermaye / max açık / Kelly)
⚠️  XPLUSDT: compute_stake=0 (sermaye / max açık / Kelly)
⚠️  VIRTUALUSDT: compute_stake=0 (sermaye / max açık / Kelly)
⚠️  YBUSDT: compute_stake=0 (sermaye / max açık / Kelly)
⚠️  WCTUSDT: compute_stake=0 (sermaye / max açık / Kelly)
⚠️  VELODROMEUSDT: compute_stake=0 (sermaye / max açık / Kelly)
⚠️  VANRYUSDT: compute_stake=0 (sermaye / max açık / Kelly)
⚠️  XPLUSDT: compute_stake=0 (sermaye / max açık / Kelly)
⚠️  YBUSDT: compute_stake=0 (sermaye / max açık / Kelly)
⚠️  VIRTUALUSDT: compute_stake=0 (sermaye / max açık / Kelly)
⚠️  WCTUSDT: compute_stake=0 (sermaye / max açık / Kelly)
⚠️  VELODROMEUSDT: compute_stake=0 (sermaye / max açık / Kelly)
⚠️  VANRYUSDT: compute_stake=0 (sermaye / max açık / Kelly)
INFO:     127.0.0.1:63014 - "GET / HTTP/1.1" 200 OK
INFO:     connection closed
INFO:     127.0.0.1:63018 - "WebSocket /ws" [accepted]
INFO:     connection open
  ✓ Borsa kapanış USELESSUSDT SL qty=33778.0
✅ Closed #7: USELESSUSDT | $-18.31
  ✓ Borsa emri #240000509 SHORT XPLUSDT 3x qty=8710.0
✅ SHORT XPLUSDT @ $0.09 | 3x | stake=$250 | kelly_raw=$0 | score=0.61
🤖 Demo emir: XPLUSDT SHORT Δ-0.47%
  ✓ Borsa emri #119397233 SHORT VIRTUALUSDT 3x qty=1021.9
✅ SHORT VIRTUALUSDT @ $0.73 | 3x | stake=$250 | kelly_raw=$0 | score=0.60
🤖 Demo emir: VIRTUALUSDT SHORT Δ-0.38%
  ✓ Borsa emri #112979750 SHORT YBUSDT 3x qty=7070.0
✅ SHORT YBUSDT @ $0.11 | 3x | stake=$250 | kelly_raw=$0 | score=0.59
🤖 Demo emir: YBUSDT SHORT Δ-0.35%
⚠️  XANUSDT: compute_stake=0 (sermaye / max açık / Kelly)
⚠️  WCTUSDT: compute_stake=0 (sermaye / max açık / Kelly)
⚠️  ZKUSDT: compute_stake=0 (sermaye / max açık / Kelly)
  ✓ Borsa kapanış XPLUSDT TP qty=8710.0
✅ Closed #18: XPLUSDT | $1.37
  ✓ Borsa emri #86686161 SHORT VANAUSDT 3x qty=491.97
✅ SHORT VANAUSDT @ $1.52 | 3x | stake=$250 | kelly_raw=$0 | score=0.62
🤖 Demo emir: VANAUSDT SHORT Δ-0.51%
⚠️  XANUSDT: compute_stake=0 (sermaye / max açık / Kelly)
⚠️  STRKUSDT: compute_stake=0 (sermaye / max açık / Kelly)
  ✓ Borsa kapanış VANAUSDT TP qty=491.97
✅ Closed #21: VANAUSDT | $2.43
📊 BINANCE_FULL_UNIVERSE: 524 USDT-M perpetual
━━━━━━━━━━━━━━━━━━━━━━━━━━━━━━━━━━━━━━━━━━━━━━━━━━━━━━━━━━━━━━━━━━━━━━━━━━━━━━━━
🚀 BINANCE FUTURES ELITE PRO — senaryo: binance_elite_8300_9005.env
━━━━━━━━━━━━━━━━━━━━━━━━━━━━━━━━━━━━━━━━━━━━━━━━━━━━━━━━━━━━━━━━━━━━━━━━━━━━━━━━
📡 Access: http://localhost:9005
💰 STARTING_BALANCE: $4,816 | ELITE_MAX_OPEN: 14
📐 TP: ELITE_TP_STAKE_PCT=0.007 × ELITE_TP_TRIGGER_FRAC=1.0 | SL: ELITE_SL_STAKE_PCT=0.022
🔧 Mode: DEMO canlı emir (demo-fapi) | watchlist: 524 sembol
━━━━━━━━━━━━━━━━━━━━━━━━━━━━━━━━━━━━━━━━━━━━━━━━━━━━━━━━━━━━━━━━━━━━━━━━━━━━━━━━
INFO:     Started server process [90418]
INFO:     Waiting for application startup.
  ↻ Senkron: SHORT VIRTUALUSDT qty=1021.9 lev=3x
  ↻ Senkron: LONG STXUSDT qty=9449.0 lev=3x
  ↻ Senkron: SHORT YBUSDT qty=7070.0 lev=3x
  ↻ Senkron: LONG NILUSDT qty=25230.5 lev=3x
  ↻ Senkron: SHORT VVVUSDT qty=41.55 lev=3x
  ✓ Demo cüzdan: $4,815.83 USDT (kullanılabilir $2,831.06) | canlı emir AÇIK
  📡 Mark WS (!markPrice@arr) — 524 sembol evreni
INFO:     Application startup complete.
INFO:     Uvicorn running on http://0.0.0.0:9005 (Press CTRL+C to quit)
INFO:     127.0.0.1:63075 - "WebSocket /ws" [accepted]
INFO:     connection open
INFO:     127.0.0.1:63076 - "WebSocket /ws" [accepted]
INFO:     connection open
INFO:     127.0.0.1:63097 - "GET /api/live HTTP/1.1" 200 OK
  ✓ Borsa emri #187226258 LONG PONKEUSDT 3x qty=29238.0
✅ LONG PONKEUSDT @ $0.04 | 3x | stake=$411 | kelly_raw=$1000 | score=0.64
🤖 Demo emir: PONKEUSDT LONG Δ+0.70%
⚠️  PLAYUSDT: compute_stake=0 (sermaye / max açık / Kelly)
  ✓ Borsa kapanış PONKEUSDT TP qty=29238.0
✅ Closed #6: PONKEUSDT | $43.90
  ✓ Borsa emri #101289650 SHORT PHBUSDT 3x qty=11667.0
✅ SHORT PHBUSDT @ $0.06 | 3x | stake=$250 | kelly_raw=$0 | score=0.69
🤖 Demo emir: PHBUSDT SHORT Δ-1.00%
⚠️  GPSUSDT: compute_stake=0 (sermaye / max açık / Kelly)
⚠️  PROMPTUSDT: compute_stake=0 (sermaye / max açık / Kelly)
⚠️  JTOUSDT: compute_stake=0 (sermaye / max açık / Kelly)
  ✓ Borsa kapanış PHBUSDT TP qty=11667.0
✅ Closed #7: PHBUSDT | $5.85
INFO:     127.0.0.1:63153 - "GET / HTTP/1.1" 200 OK
INFO:     connection closed
INFO:     127.0.0.1:63156 - "WebSocket /ws" [accepted]
INFO:     connection open
  ✓ Borsa emri #191562495 SHORT LABUSDT 3x qty=173.3
✅ SHORT LABUSDT @ $4.33 | 3x | stake=$250 | kelly_raw=$0 | score=0.59
🤖 Demo emir: LABUSDT SHORT Δ-0.30%
⚠️  STGUSDT: compute_stake=0 (sermaye / max açık / Kelly)
⚠️  PROMPTUSDT: compute_stake=0 (sermaye / max açık / Kelly)
⚠️  STGUSDT: compute_stake=0 (sermaye / max açık / Kelly)
⚠️  GPSUSDT: compute_stake=0 (sermaye / max açık / Kelly)
⚠️  GPSUSDT: compute_stake=0 (sermaye / max açık / Kelly)
⚠️  PLAYUSDT: compute_stake=0 (sermaye / max açık / Kelly)
⚠️  SWELLUSDT: compute_stake=0 (sermaye / max açık / Kelly)
⚠️  GPSUSDT: compute_stake=0 (sermaye / max açık / Kelly)
⚠️  PLAYUSDT: compute_stake=0 (sermaye / max açık / Kelly)
⚠️  SWELLUSDT: compute_stake=0 (sermaye / max açık / Kelly)
⚠️  ONDOUSDT: compute_stake=0 (sermaye / max açık / Kelly)
⚠️  PLAYUSDT: compute_stake=0 (sermaye / max açık / Kelly)
⚠️  SWELLUSDT: compute_stake=0 (sermaye / max açık / Kelly)
⚠️  ONDOUSDT: compute_stake=0 (sermaye / max açık / Kelly)
⚠️  PLAYUSDT: compute_stake=0 (sermaye / max açık / Kelly)
⚠️  SWELLUSDT: compute_stake=0 (sermaye / max açık / Kelly)
⚠️  ONDOUSDT: compute_stake=0 (sermaye / max açık / Kelly)
⚠️  GPSUSDT: compute_stake=0 (sermaye / max açık / Kelly)
⚠️  HUMAUSDT: compute_stake=0 (sermaye / max açık / Kelly)
  ✓ Borsa kapanış LABUSDT TP qty=173.3
✅ Closed #8: LABUSDT | $1.45
  ✓ Borsa emri #136190707 SHORT PLAYUSDT 3x qty=6170.0
✅ SHORT PLAYUSDT @ $0.12 | 3x | stake=$250 | kelly_raw=$0 | score=0.64
🤖 Demo emir: PLAYUSDT SHORT Δ-0.66%
⚠️  SWELLUSDT: compute_stake=0 (sermaye / max açık / Kelly)
⚠️  ONDOUSDT: compute_stake=0 (sermaye / max açık / Kelly)
⚠️  TUSDT: compute_stake=0 (sermaye / max açık / Kelly)
  ✓ Borsa kapanış PLAYUSDT TP qty=6170.0
✅ Closed #9: PLAYUSDT | $2.46
  ✓ Borsa emri #93207014 LONG PROMPTUSDT 3x qty=32151.0
✅ LONG PROMPTUSDT @ $0.04 | 3x | stake=$410 | kelly_raw=$1000 | score=0.63
🤖 Demo emir: PROMPTUSDT LONG Δ+0.60%
⚠️  SWELLUSDT: compute_stake=0 (sermaye / max açık / Kelly)
⚠️  WIFUSDT: compute_stake=0 (sermaye / max açık / Kelly)
⚠️  ZILUSDT: compute_stake=0 (sermaye / max açık / Kelly)
⚠️  SPORTFUNUSDT: compute_stake=0 (sermaye / max açık / Kelly)
⚠️  PUMPBTCUSDT: compute_stake=0 (sermaye / max açık / Kelly)
⚠️  WIFUSDT: compute_stake=0 (sermaye / max açık / Kelly)
⚠️  ZILUSDT: compute_stake=0 (sermaye / max açık / Kelly)
⚠️  SAPIENUSDT: compute_stake=0 (sermaye / max açık / Kelly)
⚠️  UBUSDT: compute_stake=0 (sermaye / max açık / Kelly)
⚠️  STRKUSDT: compute_stake=0 (sermaye / max açık / Kelly)
⚠️  SPORTFUNUSDT: compute_stake=0 (sermaye / max açık / Kelly)
⚠️  PUMPBTCUSDT: compute_stake=0 (sermaye / max açık / Kelly)
⚠️  WIFUSDT: compute_stake=0 (sermaye / max açık / Kelly)
⚠️  ZILUSDT: compute_stake=0 (sermaye / max açık / Kelly)
⚠️  SAPIENUSDT: compute_stake=0 (sermaye / max açık / Kelly)
⚠️  SPORTFUNUSDT: compute_stake=0 (sermaye / max açık / Kelly)
⚠️  SXPUSDT: compute_stake=0 (sermaye / max açık / Kelly)
⚠️  ONEUSDT: compute_stake=0 (sermaye / max açık / Kelly)
⚠️  WIFUSDT: compute_stake=0 (sermaye / max açık / Kelly)
⚠️  SPORTFUNUSDT: compute_stake=0 (sermaye / max açık / Kelly)
⚠️  SXPUSDT: compute_stake=0 (sermaye / max açık / Kelly)
⚠️  ONEUSDT: compute_stake=0 (sermaye / max açık / Kelly)
⚠️  WIFUSDT: compute_stake=0 (sermaye / max açık / Kelly)
⚠️  SPORTFUNUSDT: compute_stake=0 (sermaye / max açık / Kelly)
⚠️  SXPUSDT: compute_stake=0 (sermaye / max açık / Kelly)
⚠️  JTOUSDT: compute_stake=0 (sermaye / max açık / Kelly)
⚠️  WIFUSDT: compute_stake=0 (sermaye / max açık / Kelly)
⚠️  MBOXUSDT: compute_stake=0 (sermaye / max açık / Kelly)
⚠️  SPORTFUNUSDT: compute_stake=0 (sermaye / max açık / Kelly)
⚠️  SWELLUSDT: compute_stake=0 (sermaye / max açık / Kelly)
⚠️  WIFUSDT: compute_stake=0 (sermaye / max açık / Kelly)
⚠️  MBOXUSDT: compute_stake=0 (sermaye / max açık / Kelly)
⚠️  LAYERUSDT: compute_stake=0 (sermaye / max açık / Kelly)
⚠️  SXPUSDT: compute_stake=0 (sermaye / max açık / Kelly)
⚠️  SPORTFUNUSDT: compute_stake=0 (sermaye / max açık / Kelly)
⚠️  SWELLUSDT: compute_stake=0 (sermaye / max açık / Kelly)
⚠️  WIFUSDT: compute_stake=0 (sermaye / max açık / Kelly)
⚠️  MBOXUSDT: compute_stake=0 (sermaye / max açık / Kelly)
⚠️  LAYERUSDT: compute_stake=0 (sermaye / max açık / Kelly)
⚠️  SXPUSDT: compute_stake=0 (sermaye / max açık / Kelly)
⚠️  SPORTFUNUSDT: compute_stake=0 (sermaye / max açık / Kelly)
⚠️  SWELLUSDT: compute_stake=0 (sermaye / max açık / Kelly)
⚠️  JTOUSDT: compute_stake=0 (sermaye / max açık / Kelly)
⚠️  WIFUSDT: compute_stake=0 (sermaye / max açık / Kelly)
⚠️  MBOXUSDT: compute_stake=0 (sermaye / max açık / Kelly)
⚠️  IDOLUSDT: compute_stake=0 (sermaye / max açık / Kelly)
⚠️  SXPUSDT: compute_stake=0 (sermaye / max açık / Kelly)
⚠️  ATAUSDT: compute_stake=0 (sermaye / max açık / Kelly)
⚠️  SPORTFUNUSDT: compute_stake=0 (sermaye / max açık / Kelly)
⚠️  SWELLUSDT: compute_stake=0 (sermaye / max açık / Kelly)
⚠️  AIUSDT: compute_stake=0 (sermaye / max açık / Kelly)
⚠️  WIFUSDT: compute_stake=0 (sermaye / max açık / Kelly)
⚠️  ATAUSDT: compute_stake=0 (sermaye / max açık / Kelly)
⚠️  SPORTFUNUSDT: compute_stake=0 (sermaye / max açık / Kelly)
⚠️  SWELLUSDT: compute_stake=0 (sermaye / max açık / Kelly)
⚠️  LAYERUSDT: compute_stake=0 (sermaye / max açık / Kelly)
⚠️  ATAUSDT: compute_stake=0 (sermaye / max açık / Kelly)
⚠️  AIUSDT: compute_stake=0 (sermaye / max açık / Kelly)
⚠️  LAYERUSDT: compute_stake=0 (sermaye / max açık / Kelly)
⚠️  MBOXUSDT: compute_stake=0 (sermaye / max açık / Kelly)
⚠️  LAYERUSDT: compute_stake=0 (sermaye / max açık / Kelly)
⚠️  MBOXUSDT: compute_stake=0 (sermaye / max açık / Kelly)
⚠️  MBOXUSDT: compute_stake=0 (sermaye / max açık / Kelly)
⚠️  LAYERUSDT: compute_stake=0 (sermaye / max açık / Kelly)
⚠️  MBOXUSDT: compute_stake=0 (sermaye / max açık / Kelly)
⚠️  GUAUSDT: compute_stake=0 (sermaye / max açık / Kelly)
⚠️  LAYERUSDT: compute_stake=0 (sermaye / max açık / Kelly)
⚠️  MBOXUSDT: compute_stake=0 (sermaye / max açık / Kelly)
⚠️  GUAUSDT: compute_stake=0 (sermaye / max açık / Kelly)
⚠️  SWELLUSDT: compute_stake=0 (sermaye / max açık / Kelly)
⚠️  MBOXUSDT: compute_stake=0 (sermaye / max açık / Kelly)
⚠️  GUAUSDT: compute_stake=0 (sermaye / max açık / Kelly)
⚠️  SWELLUSDT: compute_stake=0 (sermaye / max açık / Kelly)
⚠️  SWELLUSDT: compute_stake=0 (sermaye / max açık / Kelly)
⚠️  MBOXUSDT: compute_stake=0 (sermaye / max açık / Kelly)
⚠️  GUAUSDT: compute_stake=0 (sermaye / max açık / Kelly)
⚠️  SWELLUSDT: compute_stake=0 (sermaye / max açık / Kelly)
⚠️  MBOXUSDT: compute_stake=0 (sermaye / max açık / Kelly)
⚠️  GUAUSDT: compute_stake=0 (sermaye / max açık / Kelly)
⚠️  SWELLUSDT: compute_stake=0 (sermaye / max açık / Kelly)
⚠️  MBOXUSDT: compute_stake=0 (sermaye / max açık / Kelly)
⚠️  GUAUSDT: compute_stake=0 (sermaye / max açık / Kelly)
⚠️  SWELLUSDT: compute_stake=0 (sermaye / max açık / Kelly)
⚠️  MBOXUSDT: compute_stake=0 (sermaye / max açık / Kelly)
⚠️  GUAUSDT: compute_stake=0 (sermaye / max açık / Kelly)
⚠️  SPORTFUNUSDT: compute_stake=0 (sermaye / max açık / Kelly)
⚠️  AIUSDT: compute_stake=0 (sermaye / max açık / Kelly)
⚠️  GUAUSDT: compute_stake=0 (sermaye / max açık / Kelly)
⚠️  GUAUSDT: compute_stake=0 (sermaye / max açık / Kelly)
⚠️  SPORTFUNUSDT: compute_stake=0 (sermaye / max açık / Kelly)
⚠️  SPORTFUNUSDT: compute_stake=0 (sermaye / max açık / Kelly)
⚠️  GUAUSDT: compute_stake=0 (sermaye / max açık / Kelly)
⚠️  SPORTFUNUSDT: compute_stake=0 (sermaye / max açık / Kelly)
⚠️  SPORTFUNUSDT: compute_stake=0 (sermaye / max açık / Kelly)
⚠️  GUAUSDT: compute_stake=0 (sermaye / max açık / Kelly)
⚠️  GUAUSDT: compute_stake=0 (sermaye / max açık / Kelly)
⚠️  SPORTFUNUSDT: compute_stake=0 (sermaye / max açık / Kelly)
⚠️  SPORTFUNUSDT: compute_stake=0 (sermaye / max açık / Kelly)
⚠️  GUAUSDT: compute_stake=0 (sermaye / max açık / Kelly)
⚠️  GUAUSDT: compute_stake=0 (sermaye / max açık / Kelly)
⚠️  SPORTFUNUSDT: compute_stake=0 (sermaye / max açık / Kelly)
⚠️  SPORTFUNUSDT: compute_stake=0 (sermaye / max açık / Kelly)
⚠️  GUAUSDT: compute_stake=0 (sermaye / max açık / Kelly)
⚠️  GUAUSDT: compute_stake=0 (sermaye / max açık / Kelly)
⚠️  SPORTFUNUSDT: compute_stake=0 (sermaye / max açık / Kelly)
⚠️  SPORTFUNUSDT: compute_stake=0 (sermaye / max açık / Kelly)
⚠️  ATAUSDT: compute_stake=0 (sermaye / max açık / Kelly)
⚠️  GUAUSDT: compute_stake=0 (sermaye / max açık / Kelly)
⚠️  SPORTFUNUSDT: compute_stake=0 (sermaye / max açık / Kelly)
⚠️  SPORTFUNUSDT: compute_stake=0 (sermaye / max açık / Kelly)
⚠️  HYPERUSDT: compute_stake=0 (sermaye / max açık / Kelly)
⚠️  SKYAIUSDT: compute_stake=0 (sermaye / max açık / Kelly)
⚠️  ATAUSDT: compute_stake=0 (sermaye / max açık / Kelly)
⚠️  GUAUSDT: compute_stake=0 (sermaye / max açık / Kelly)
⚠️  SPORTFUNUSDT: compute_stake=0 (sermaye / max açık / Kelly)
⚠️  SPORTFUNUSDT: compute_stake=0 (sermaye / max açık / Kelly)
⚠️  HYPERUSDT: compute_stake=0 (sermaye / max açık / Kelly)
⚠️  SKYAIUSDT: compute_stake=0 (sermaye / max açık / Kelly)
⚠️  SKYAIUSDT: compute_stake=0 (sermaye / max açık / Kelly)
⚠️  GUAUSDT: compute_stake=0 (sermaye / max açık / Kelly)
⚠️  HYPERUSDT: compute_stake=0 (sermaye / max açık / Kelly)
⚠️  BIOUSDT: compute_stake=0 (sermaye / max açık / Kelly)
⚠️  SPORTFUNUSDT: compute_stake=0 (sermaye / max açık / Kelly)
⚠️  SKYAIUSDT: compute_stake=0 (sermaye / max açık / Kelly)
⚠️  APRUSDT: compute_stake=0 (sermaye / max açık / Kelly)
⚠️  GUAUSDT: compute_stake=0 (sermaye / max açık / Kelly)
⚠️  HYPERUSDT: compute_stake=0 (sermaye / max açık / Kelly)
⚠️  BIOUSDT: compute_stake=0 (sermaye / max açık / Kelly)
⚠️  SPORTFUNUSDT: compute_stake=0 (sermaye / max açık / Kelly)
⚠️  APRUSDT: compute_stake=0 (sermaye / max açık / Kelly)
⚠️  GUAUSDT: compute_stake=0 (sermaye / max açık / Kelly)
⚠️  HYPERUSDT: compute_stake=0 (sermaye / max açık / Kelly)
⚠️  BIOUSDT: compute_stake=0 (sermaye / max açık / Kelly)
⚠️  APRUSDT: compute_stake=0 (sermaye / max açık / Kelly)
⚠️  GUAUSDT: compute_stake=0 (sermaye / max açık / Kelly)
⚠️  HYPERUSDT: compute_stake=0 (sermaye / max açık / Kelly)
⚠️  APRUSDT: compute_stake=0 (sermaye / max açık / Kelly)
⚠️  PORTALUSDT: compute_stake=0 (sermaye / max açık / Kelly)
⚠️  GUAUSDT: compute_stake=0 (sermaye / max açık / Kelly)
⚠️  HYPERUSDT: compute_stake=0 (sermaye / max açık / Kelly)
⚠️  APRUSDT: compute_stake=0 (sermaye / max açık / Kelly)
⚠️  PORTALUSDT: compute_stake=0 (sermaye / max açık / Kelly)
⚠️  GUAUSDT: compute_stake=0 (sermaye / max açık / Kelly)
⚠️  HYPERUSDT: compute_stake=0 (sermaye / max açık / Kelly)
⚠️  APRUSDT: compute_stake=0 (sermaye / max açık / Kelly)
⚠️  PORTALUSDT: compute_stake=0 (sermaye / max açık / Kelly)
⚠️  GUAUSDT: compute_stake=0 (sermaye / max açık / Kelly)
⚠️  HYPERUSDT: compute_stake=0 (sermaye / max açık / Kelly)
⚠️  APRUSDT: compute_stake=0 (sermaye / max açık / Kelly)
⚠️  PORTALUSDT: compute_stake=0 (sermaye / max açık / Kelly)
⚠️  ATAUSDT: compute_stake=0 (sermaye / max açık / Kelly)
⚠️  PORTALUSDT: compute_stake=0 (sermaye / max açık / Kelly)
⚠️  PORTALUSDT: compute_stake=0 (sermaye / max açık / Kelly)
⚠️  ATAUSDT: compute_stake=0 (sermaye / max açık / Kelly)
⚠️  PORTALUSDT: compute_stake=0 (sermaye / max açık / Kelly)
⚠️  PORTALUSDT: compute_stake=0 (sermaye / max açık / Kelly)
⚠️  PORTALUSDT: compute_stake=0 (sermaye / max açık / Kelly)
⚠️  ZILUSDT: compute_stake=0 (sermaye / max açık / Kelly)
⚠️  ZILUSDT: compute_stake=0 (sermaye / max açık / Kelly)
⚠️  ZILUSDT: compute_stake=0 (sermaye / max açık / Kelly)
⚠️  ZILUSDT: compute_stake=0 (sermaye / max açık / Kelly)
⚠️  ZILUSDT: compute_stake=0 (sermaye / max açık / Kelly)
⚠️  SLERFUSDT: compute_stake=0 (sermaye / max açık / Kelly)
⚠️  FXSUSDT: compute_stake=0 (sermaye / max açık / Kelly)
⚠️  GWEIUSDT: compute_stake=0 (sermaye / max açık / Kelly)
⚠️  ZILUSDT: compute_stake=0 (sermaye / max açık / Kelly)
⚠️  SLERFUSDT: compute_stake=0 (sermaye / max açık / Kelly)
⚠️  FXSUSDT: compute_stake=0 (sermaye / max açık / Kelly)
⚠️  GWEIUSDT: compute_stake=0 (sermaye / max açık / Kelly)
⚠️  AIOTUSDT: compute_stake=0 (sermaye / max açık / Kelly)
⚠️  SPORTFUNUSDT: compute_stake=0 (sermaye / max açık / Kelly)
⚠️  SLERFUSDT: compute_stake=0 (sermaye / max açık / Kelly)
⚠️  FXSUSDT: compute_stake=0 (sermaye / max açık / Kelly)
⚠️  GWEIUSDT: compute_stake=0 (sermaye / max açık / Kelly)
⚠️  AIOTUSDT: compute_stake=0 (sermaye / max açık / Kelly)
⚠️  SPORTFUNUSDT: compute_stake=0 (sermaye / max açık / Kelly)
⚠️  SLERFUSDT: compute_stake=0 (sermaye / max açık / Kelly)
⚠️  REZUSDT: compute_stake=0 (sermaye / max açık / Kelly)
⚠️  SLERFUSDT: compute_stake=0 (sermaye / max açık / Kelly)
⚠️  REZUSDT: compute_stake=0 (sermaye / max açık / Kelly)
⚠️  SLERFUSDT: compute_stake=0 (sermaye / max açık / Kelly)
⚠️  REZUSDT: compute_stake=0 (sermaye / max açık / Kelly)
⚠️  SLERFUSDT: compute_stake=0 (sermaye / max açık / Kelly)
⚠️  REZUSDT: compute_stake=0 (sermaye / max açık / Kelly)
⚠️  SLERFUSDT: compute_stake=0 (sermaye / max açık / Kelly)
⚠️  REZUSDT: compute_stake=0 (sermaye / max açık / Kelly)
⚠️  SLERFUSDT: compute_stake=0 (sermaye / max açık / Kelly)
⚠️  REZUSDT: compute_stake=0 (sermaye / max açık / Kelly)
  ⛔ Borsa kapanış başarısız PROMPTUSDT: Binance 408: {"code":-1007,"msg":"Timeout waiting for response from backend server. Send status unknown; execution status unknown."}
⚠️  REZUSDT: compute_stake=0 (sermaye / max açık / Kelly)
⚠️  TOKENUSDT: compute_stake=0 (sermaye / max açık / Kelly)
⚠️  SAGAUSDT: compute_stake=0 (sermaye / max açık / Kelly)
⚠️  TUSDT: compute_stake=0 (sermaye / max açık / Kelly)
  ↻ PROMPTUSDT: borsada pozisyon yok (yerel senkron temizleniyor)
✅ Closed #10: PROMPTUSDT | $2.87
  ⛔ Borsa açılış başarısız TOKENUSDT: Binance 400: {"code":-4005,"msg":"Quantity greater than max quantity."}
  ⛔ Borsa açılış başarısız SAGAUSDT: Binance 400: {"code":-4005,"msg":"Quantity greater than max quantity."}
  ⛔ Borsa açılış başarısız TOKENUSDT: Binance 400: {"code":-4005,"msg":"Quantity greater than max quantity."}
  ✓ Borsa emri #88761475 LONG SAPIENUSDT 3x qty=11147.0
✅ LONG SAPIENUSDT @ $0.11 | 3x | stake=$408 | kelly_raw=$1000 | score=0.64
🤖 Demo emir: SAPIENUSDT LONG Δ+0.64%
⚠️  TOKENUSDT: compute_stake=0 (sermaye / max açık / Kelly)
⚠️  RPLUSDT: compute_stake=0 (sermaye / max açık / Kelly)
  ✓ Borsa kapanış SAPIENUSDT TP qty=11147.0
✅ Closed #11: SAPIENUSDT | $4.73
  ✓ Borsa emri #118382973 SHORT TRUUSDT 3x qty=615081.0
✅ SHORT TRUUSDT @ $0.00 | 3x | stake=$250 | kelly_raw=$0 | score=0.60
🤖 Demo emir: TRUUSDT SHORT Δ-0.43%
⚠️  TOKENUSDT: compute_stake=0 (sermaye / max açık / Kelly)
⚠️  STABLEUSDT: compute_stake=0 (sermaye / max açık / Kelly)
  ✓ Borsa kapanış TRUUSDT SL-EMERGENCY qty=615081.0
✅ Closed #12: TRUUSDT | $-15.89
  ⛔ Borsa açılış başarısız TOKENUSDT: Binance 400: {"code":-4005,"msg":"Quantity greater than max quantity."}
  ✓ Borsa emri #118394237 LONG TUSDT 3x qty=227339.0
✅ LONG TUSDT @ $0.01 | 3x | stake=$408 | kelly_raw=$1000 | score=0.59
🤖 Demo emir: TUSDT LONG Δ+0.36%
⚠️  STABLEUSDT: compute_stake=0 (sermaye / max açık / Kelly)
⚠️  ZEREBROUSDT: compute_stake=0 (sermaye / max açık / Kelly)
⚠️  TAGUSDT: compute_stake=0 (sermaye / max açık / Kelly)
⚠️  TOKENUSDT: compute_stake=0 (sermaye / max açık / Kelly)
⚠️  STABLEUSDT: compute_stake=0 (sermaye / max açık / Kelly)
⚠️  SWELLUSDT: compute_stake=0 (sermaye / max açık / Kelly)
⚠️  SKYAIUSDT: compute_stake=0 (sermaye / max açık / Kelly)
⚠️  ZEREBROUSDT: compute_stake=0 (sermaye / max açık / Kelly)
⚠️  TOKENUSDT: compute_stake=0 (sermaye / max açık / Kelly)
⚠️  SKYAIUSDT: compute_stake=0 (sermaye / max açık / Kelly)
⚠️  SWELLUSDT: compute_stake=0 (sermaye / max açık / Kelly)
⚠️  SAGAUSDT: compute_stake=0 (sermaye / max açık / Kelly)
⚠️  TOKENUSDT: compute_stake=0 (sermaye / max açık / Kelly)
⚠️  SKYAIUSDT: compute_stake=0 (sermaye / max açık / Kelly)
⚠️  SWELLUSDT: compute_stake=0 (sermaye / max açık / Kelly)
⚠️  SKYAIUSDT: compute_stake=0 (sermaye / max açık / Kelly)
⚠️  SWELLUSDT: compute_stake=0 (sermaye / max açık / Kelly)
⚠️  STABLEUSDT: compute_stake=0 (sermaye / max açık / Kelly)
⚠️  WIFUSDT: compute_stake=0 (sermaye / max açık / Kelly)
⚠️  SKYAIUSDT: compute_stake=0 (sermaye / max açık / Kelly)
⚠️  WIFUSDT: compute_stake=0 (sermaye / max açık / Kelly)
📊 BINANCE_FULL_UNIVERSE: 524 USDT-M perpetual
━━━━━━━━━━━━━━━━━━━━━━━━━━━━━━━━━━━━━━━━━━━━━━━━━━━━━━━━━━━━━━━━━━━━━━━━━━━━━━━━
🚀 BINANCE FUTURES ELITE PRO — senaryo: binance_elite_8300_9005.env
━━━━━━━━━━━━━━━━━━━━━━━━━━━━━━━━━━━━━━━━━━━━━━━━━━━━━━━━━━━━━━━━━━━━━━━━━━━━━━━━
📡 Access: http://localhost:9005
💰 STARTING_BALANCE: $4,800 | ELITE_MAX_OPEN: 14
📐 TP: ELITE_TP_STAKE_PCT=0.007 × ELITE_TP_TRIGGER_FRAC=1.0 | SL: ELITE_SL_STAKE_PCT=0.022
🔧 Mode: DEMO canlı emir (demo-fapi) | watchlist: 524 sembol
━━━━━━━━━━━━━━━━━━━━━━━━━━━━━━━━━━━━━━━━━━━━━━━━━━━━━━━━━━━━━━━━━━━━━━━━━━━━━━━━
INFO:     Started server process [90913]
INFO:     Waiting for application startup.
  ↻ Senkron: SHORT VIRTUALUSDT qty=1021.9 lev=3x
  ↻ Senkron: LONG STXUSDT qty=9449.0 lev=3x
  ↻ Senkron: SHORT YBUSDT qty=7070.0 lev=3x
  ↻ Senkron: LONG NILUSDT qty=25230.5 lev=3x
  ↻ Senkron: SHORT VVVUSDT qty=41.55 lev=3x
  ↻ Senkron: LONG TUSDT qty=227339.0 lev=3x
  ✓ Demo cüzdan: $4,800.35 USDT (kullanılabilir $2,410.47) | canlı emir AÇIK
  📡 Mark WS (!markPrice@arr) — 524 sembol evreni
INFO:     Application startup complete.
INFO:     Uvicorn running on http://0.0.0.0:9005 (Press CTRL+C to quit)
INFO:     127.0.0.1:63381 - "WebSocket /ws" [accepted]
INFO:     connection open
INFO:     127.0.0.1:63382 - "WebSocket /ws" [accepted]
INFO:     connection open
INFO:     127.0.0.1:63384 - "GET /api/live HTTP/1.1" 200 OK
⚠️  HUSDT: compute_stake=0 (sermaye / max açık / Kelly)
⚠️  HUSDT: compute_stake=0 (sermaye / max açık / Kelly)
⚠️  HUSDT: compute_stake=0 (sermaye / max açık / Kelly)
⚠️  PLAYUSDT: compute_stake=0 (sermaye / max açık / Kelly)
⚠️  FIDAUSDT: compute_stake=0 (sermaye / max açık / Kelly)
⚠️  HUSDT: compute_stake=0 (sermaye / max açık / Kelly)
⚠️  ICNTUSDT: compute_stake=0 (sermaye / max açık / Kelly)
⚠️  GLMUSDT: compute_stake=0 (sermaye / max açık / Kelly)
⚠️  PLAYUSDT: compute_stake=0 (sermaye / max açık / Kelly)
⚠️  FIDAUSDT: compute_stake=0 (sermaye / max açık / Kelly)
⚠️  HUSDT: compute_stake=0 (sermaye / max açık / Kelly)
⚠️  ICNTUSDT: compute_stake=0 (sermaye / max açık / Kelly)
⚠️  GLMUSDT: compute_stake=0 (sermaye / max açık / Kelly)
⚠️  PLAYUSDT: compute_stake=0 (sermaye / max açık / Kelly)
⚠️  ICNTUSDT: compute_stake=0 (sermaye / max açık / Kelly)
⚠️  PLAYUSDT: compute_stake=0 (sermaye / max açık / Kelly)
⚠️  PLAYUSDT: compute_stake=0 (sermaye / max açık / Kelly)
⚠️  PLAYUSDT: compute_stake=0 (sermaye / max açık / Kelly)
⚠️  PROVEUSDT: compute_stake=0 (sermaye / max açık / Kelly)
⚠️  JUPUSDT: compute_stake=0 (sermaye / max açık / Kelly)
⚠️  QUSDT: compute_stake=0 (sermaye / max açık / Kelly)
⚠️  PROMPTUSDT: compute_stake=0 (sermaye / max açık / Kelly)
⚠️  PLAYUSDT: compute_stake=0 (sermaye / max açık / Kelly)
⚠️  PROVEUSDT: compute_stake=0 (sermaye / max açık / Kelly)
⚠️  JUPUSDT: compute_stake=0 (sermaye / max açık / Kelly)
⚠️  QUSDT: compute_stake=0 (sermaye / max açık / Kelly)
⚠️  ZENUSDT: compute_stake=0 (sermaye / max açık / Kelly)
⚠️  PLAYUSDT: compute_stake=0 (sermaye / max açık / Kelly)
⚠️  PROVEUSDT: compute_stake=0 (sermaye / max açık / Kelly)
⚠️  JUPUSDT: compute_stake=0 (sermaye / max açık / Kelly)
⚠️  QUSDT: compute_stake=0 (sermaye / max açık / Kelly)
⚠️  ZENUSDT: compute_stake=0 (sermaye / max açık / Kelly)
⚠️  PROVEUSDT: compute_stake=0 (sermaye / max açık / Kelly)
⚠️  TONUSDT: compute_stake=0 (sermaye / max açık / Kelly)
⚠️  QUSDT: compute_stake=0 (sermaye / max açık / Kelly)
⚠️  ZENUSDT: compute_stake=0 (sermaye / max açık / Kelly)
⚠️  PLAYUSDT: compute_stake=0 (sermaye / max açık / Kelly)
⚠️  STRKUSDT: compute_stake=0 (sermaye / max açık / Kelly)
⚠️  PROVEUSDT: compute_stake=0 (sermaye / max açık / Kelly)
⚠️  JUPUSDT: compute_stake=0 (sermaye / max açık / Kelly)
⚠️  TONUSDT: compute_stake=0 (sermaye / max açık / Kelly)
⚠️  PLAYUSDT: compute_stake=0 (sermaye / max açık / Kelly)
⚠️  JTOUSDT: compute_stake=0 (sermaye / max açık / Kelly)
⚠️  PROVEUSDT: compute_stake=0 (sermaye / max açık / Kelly)
⚠️  JUPUSDT: compute_stake=0 (sermaye / max açık / Kelly)
⚠️  TONUSDT: compute_stake=0 (sermaye / max açık / Kelly)
⚠️  PONKEUSDT: compute_stake=0 (sermaye / max açık / Kelly)
⚠️  SIRENUSDT: compute_stake=0 (sermaye / max açık / Kelly)
⚠️  PLAYUSDT: compute_stake=0 (sermaye / max açık / Kelly)
⚠️  PROVEUSDT: compute_stake=0 (sermaye / max açık / Kelly)
⚠️  PONKEUSDT: compute_stake=0 (sermaye / max açık / Kelly)
INFO:     127.0.0.1:63436 - "GET / HTTP/1.1" 200 OK
INFO:     connection closed
INFO:     127.0.0.1:63440 - "WebSocket /ws" [accepted]
INFO:     connection open
⚠️  PLAYUSDT: compute_stake=0 (sermaye / max açık / Kelly)
⚠️  STABLEUSDT: compute_stake=0 (sermaye / max açık / Kelly)
⚠️  JTOUSDT: compute_stake=0 (sermaye / max açık / Kelly)
⚠️  TONUSDT: compute_stake=0 (sermaye / max açık / Kelly)
⚠️  LABUSDT: compute_stake=0 (sermaye / max açık / Kelly)
⚠️  HUSDT: compute_stake=0 (sermaye / max açık / Kelly)
⚠️  XNYUSDT: compute_stake=0 (sermaye / max açık / Kelly)
⚠️  PLAYUSDT: compute_stake=0 (sermaye / max açık / Kelly)
⚠️  STABLEUSDT: compute_stake=0 (sermaye / max açık / Kelly)
⚠️  JTOUSDT: compute_stake=0 (sermaye / max açık / Kelly)
⚠️  LABUSDT: compute_stake=0 (sermaye / max açık / Kelly)
⚠️  TONUSDT: compute_stake=0 (sermaye / max açık / Kelly)
⚠️  HUSDT: compute_stake=0 (sermaye / max açık / Kelly)
⚠️  XNYUSDT: compute_stake=0 (sermaye / max açık / Kelly)
⚠️  PLAYUSDT: compute_stake=0 (sermaye / max açık / Kelly)
⚠️  BANKUSDT: compute_stake=0 (sermaye / max açık / Kelly)
⚠️  STABLEUSDT: compute_stake=0 (sermaye / max açık / Kelly)
⚠️  STABLEUSDT: compute_stake=0 (sermaye / max açık / Kelly)
⚠️  HUSDT: compute_stake=0 (sermaye / max açık / Kelly)
⚠️  TONUSDT: compute_stake=0 (sermaye / max açık / Kelly)
⚠️  JTOUSDT: compute_stake=0 (sermaye / max açık / Kelly)
⚠️  BERAUSDT: compute_stake=0 (sermaye / max açık / Kelly)
⚠️  XNYUSDT: compute_stake=0 (sermaye / max açık / Kelly)
⚠️  PLAYUSDT: compute_stake=0 (sermaye / max açık / Kelly)
⚠️  GTCUSDT: compute_stake=0 (sermaye / max açık / Kelly)
⚠️  STABLEUSDT: compute_stake=0 (sermaye / max açık / Kelly)
⚠️  PONKEUSDT: compute_stake=0 (sermaye / max açık / Kelly)
⚠️  BANKUSDT: compute_stake=0 (sermaye / max açık / Kelly)
⚠️  BERAUSDT: compute_stake=0 (sermaye / max açık / Kelly)
⚠️  LABUSDT: compute_stake=0 (sermaye / max açık / Kelly)
⚠️  TONUSDT: compute_stake=0 (sermaye / max açık / Kelly)
⚠️  PLAYUSDT: compute_stake=0 (sermaye / max açık / Kelly)
⚠️  GTCUSDT: compute_stake=0 (sermaye / max açık / Kelly)
⚠️  STABLEUSDT: compute_stake=0 (sermaye / max açık / Kelly)
⚠️  PONKEUSDT: compute_stake=0 (sermaye / max açık / Kelly)
⚠️  BANKUSDT: compute_stake=0 (sermaye / max açık / Kelly)
⚠️  BERAUSDT: compute_stake=0 (sermaye / max açık / Kelly)
⚠️  LABUSDT: compute_stake=0 (sermaye / max açık / Kelly)
⚠️  TONUSDT: compute_stake=0 (sermaye / max açık / Kelly)
⚠️  PLAYUSDT: compute_stake=0 (sermaye / max açık / Kelly)
⚠️  PLAYUSDT: compute_stake=0 (sermaye / max açık / Kelly)
⚠️  STABLEUSDT: compute_stake=0 (sermaye / max açık / Kelly)
⚠️  STABLEUSDT: compute_stake=0 (sermaye / max açık / Kelly)
⚠️  GTCUSDT: compute_stake=0 (sermaye / max açık / Kelly)
⚠️  PONKEUSDT: compute_stake=0 (sermaye / max açık / Kelly)
⚠️  PONKEUSDT: compute_stake=0 (sermaye / max açık / Kelly)
⚠️  TONUSDT: compute_stake=0 (sermaye / max açık / Kelly)
⚠️  PLAYUSDT: compute_stake=0 (sermaye / max açık / Kelly)
⚠️  PONKEUSDT: compute_stake=0 (sermaye / max açık / Kelly)
⚠️  GTCUSDT: compute_stake=0 (sermaye / max açık / Kelly)
⚠️  STABLEUSDT: compute_stake=0 (sermaye / max açık / Kelly)
⚠️  NAORISUSDT: compute_stake=0 (sermaye / max açık / Kelly)
⚠️  DASHUSDT: compute_stake=0 (sermaye / max açık / Kelly)
⚠️  LABUSDT: compute_stake=0 (sermaye / max açık / Kelly)
⚠️  PLAYUSDT: compute_stake=0 (sermaye / max açık / Kelly)
⚠️  GTCUSDT: compute_stake=0 (sermaye / max açık / Kelly)
⚠️  PONKEUSDT: compute_stake=0 (sermaye / max açık / Kelly)
⚠️  STABLEUSDT: compute_stake=0 (sermaye / max açık / Kelly)
⚠️  PLAYUSDT: compute_stake=0 (sermaye / max açık / Kelly)
⚠️  GTCUSDT: compute_stake=0 (sermaye / max açık / Kelly)
⚠️  PONKEUSDT: compute_stake=0 (sermaye / max açık / Kelly)
⚠️  STABLEUSDT: compute_stake=0 (sermaye / max açık / Kelly)
⚠️  GTCUSDT: compute_stake=0 (sermaye / max açık / Kelly)
⚠️  PONKEUSDT: compute_stake=0 (sermaye / max açık / Kelly)
⚠️  PLAYUSDT: compute_stake=0 (sermaye / max açık / Kelly)
⚠️  STABLEUSDT: compute_stake=0 (sermaye / max açık / Kelly)
⚠️  ETHWUSDT: compute_stake=0 (sermaye / max açık / Kelly)
⚠️  RAVEUSDT: compute_stake=0 (sermaye / max açık / Kelly)
⚠️  PLAYUSDT: compute_stake=0 (sermaye / max açık / Kelly)
⚠️  PONKEUSDT: compute_stake=0 (sermaye / max açık / Kelly)
⚠️  GTCUSDT: compute_stake=0 (sermaye / max açık / Kelly)
⚠️  MLNUSDT: compute_stake=0 (sermaye / max açık / Kelly)
⚠️  ETHWUSDT: compute_stake=0 (sermaye / max açık / Kelly)
⚠️  PLAYUSDT: compute_stake=0 (sermaye / max açık / Kelly)
⚠️  PONKEUSDT: compute_stake=0 (sermaye / max açık / Kelly)
⚠️  GTCUSDT: compute_stake=0 (sermaye / max açık / Kelly)
⚠️  MLNUSDT: compute_stake=0 (sermaye / max açık / Kelly)
⚠️  ETHWUSDT: compute_stake=0 (sermaye / max açık / Kelly)
⚠️  ATAUSDT: compute_stake=0 (sermaye / max açık / Kelly)
⚠️  PLAYUSDT: compute_stake=0 (sermaye / max açık / Kelly)
⚠️  MLNUSDT: compute_stake=0 (sermaye / max açık / Kelly)
⚠️  ETHWUSDT: compute_stake=0 (sermaye / max açık / Kelly)
⚠️  MLNUSDT: compute_stake=0 (sermaye / max açık / Kelly)
⚠️  PLAYUSDT: compute_stake=0 (sermaye / max açık / Kelly)
⚠️  RAVEUSDT: compute_stake=0 (sermaye / max açık / Kelly)
⚠️  NAORISUSDT: compute_stake=0 (sermaye / max açık / Kelly)
⚠️  PONKEUSDT: compute_stake=0 (sermaye / max açık / Kelly)
⚠️  BERAUSDT: compute_stake=0 (sermaye / max açık / Kelly)
⚠️  MLNUSDT: compute_stake=0 (sermaye / max açık / Kelly)
⚠️  PLAYUSDT: compute_stake=0 (sermaye / max açık / Kelly)
⚠️  RAVEUSDT: compute_stake=0 (sermaye / max açık / Kelly)
⚠️  NAORISUSDT: compute_stake=0 (sermaye / max açık / Kelly)
⚠️  PONKEUSDT: compute_stake=0 (sermaye / max açık / Kelly)
⚠️  BERAUSDT: compute_stake=0 (sermaye / max açık / Kelly)
INFO:     127.0.0.1:63437 - "GET / HTTP/1.1" 200 OK
INFO:     connection closed
INFO:     127.0.0.1:63458 - "WebSocket /ws" [accepted]
INFO:     connection open
⚠️  MLNUSDT: compute_stake=0 (sermaye / max açık / Kelly)
⚠️  RAVEUSDT: compute_stake=0 (sermaye / max açık / Kelly)
⚠️  1000CATUSDT: compute_stake=0 (sermaye / max açık / Kelly)
⚠️  BERAUSDT: compute_stake=0 (sermaye / max açık / Kelly)
⚠️  FIDAUSDT: compute_stake=0 (sermaye / max açık / Kelly)
⚠️  MLNUSDT: compute_stake=0 (sermaye / max açık / Kelly)
⚠️  PONKEUSDT: compute_stake=0 (sermaye / max açık / Kelly)
⚠️  TRUUSDT: compute_stake=0 (sermaye / max açık / Kelly)
⚠️  PLAYUSDT: compute_stake=0 (sermaye / max açık / Kelly)
⚠️  CAKEUSDT: compute_stake=0 (sermaye / max açık / Kelly)
⚠️  PONKEUSDT: compute_stake=0 (sermaye / max açık / Kelly)
⚠️  MLNUSDT: compute_stake=0 (sermaye / max açık / Kelly)
⚠️  PROMPTUSDT: compute_stake=0 (sermaye / max açık / Kelly)
⚠️  TRUUSDT: compute_stake=0 (sermaye / max açık / Kelly)
⚠️  TONUSDT: compute_stake=0 (sermaye / max açık / Kelly)
⚠️  PLAYUSDT: compute_stake=0 (sermaye / max açık / Kelly)
⚠️  PONKEUSDT: compute_stake=0 (sermaye / max açık / Kelly)
⚠️  MLNUSDT: compute_stake=0 (sermaye / max açık / Kelly)
⚠️  PROMPTUSDT: compute_stake=0 (sermaye / max açık / Kelly)
⚠️  TRUUSDT: compute_stake=0 (sermaye / max açık / Kelly)
⚠️  TONUSDT: compute_stake=0 (sermaye / max açık / Kelly)
⚠️  PLAYUSDT: compute_stake=0 (sermaye / max açık / Kelly)
⚠️  PONKEUSDT: compute_stake=0 (sermaye / max açık / Kelly)
⚠️  PLAYUSDT: compute_stake=0 (sermaye / max açık / Kelly)
⚠️  FIDAUSDT: compute_stake=0 (sermaye / max açık / Kelly)
⚠️  TRUUSDT: compute_stake=0 (sermaye / max açık / Kelly)
⚠️  PONKEUSDT: compute_stake=0 (sermaye / max açık / Kelly)
⚠️  PLAYUSDT: compute_stake=0 (sermaye / max açık / Kelly)
⚠️  FIDAUSDT: compute_stake=0 (sermaye / max açık / Kelly)
⚠️  TRUUSDT: compute_stake=0 (sermaye / max açık / Kelly)
⚠️  GUAUSDT: compute_stake=0 (sermaye / max açık / Kelly)
⚠️  XVSUSDT: compute_stake=0 (sermaye / max açık / Kelly)
⚠️  PLAYUSDT: compute_stake=0 (sermaye / max açık / Kelly)
⚠️  PONKEUSDT: compute_stake=0 (sermaye / max açık / Kelly)
⚠️  PROMPTUSDT: compute_stake=0 (sermaye / max açık / Kelly)
⚠️  TRUUSDT: compute_stake=0 (sermaye / max açık / Kelly)
INFO:     127.0.0.1:63455 - "GET / HTTP/1.1" 200 OK
INFO:     connection closed
⚠️  XVSUSDT: compute_stake=0 (sermaye / max açık / Kelly)
⚠️  PROMPTUSDT: compute_stake=0 (sermaye / max açık / Kelly)
⚠️  PLAYUSDT: compute_stake=0 (sermaye / max açık / Kelly)
⚠️  PONKEUSDT: compute_stake=0 (sermaye / max açık / Kelly)
⚠️  TRUUSDT: compute_stake=0 (sermaye / max açık / Kelly)
⚠️  XVSUSDT: compute_stake=0 (sermaye / max açık / Kelly)
⚠️  PLAYUSDT: compute_stake=0 (sermaye / max açık / Kelly)
⚠️  PROMPTUSDT: compute_stake=0 (sermaye / max açık / Kelly)
⚠️  PONKEUSDT: compute_stake=0 (sermaye / max açık / Kelly)
⚠️  TRUUSDT: compute_stake=0 (sermaye / max açık / Kelly)
⚠️  XVSUSDT: compute_stake=0 (sermaye / max açık / Kelly)
⚠️  PROMPTUSDT: compute_stake=0 (sermaye / max açık / Kelly)
⚠️  TRUUSDT: compute_stake=0 (sermaye / max açık / Kelly)
⚠️  GUAUSDT: compute_stake=0 (sermaye / max açık / Kelly)
⚠️  XVSUSDT: compute_stake=0 (sermaye / max açık / Kelly)
⚠️  FIDAUSDT: compute_stake=0 (sermaye / max açık / Kelly)
⚠️  PROMPTUSDT: compute_stake=0 (sermaye / max açık / Kelly)
⚠️  XVSUSDT: compute_stake=0 (sermaye / max açık / Kelly)
⚠️  PONKEUSDT: compute_stake=0 (sermaye / max açık / Kelly)
⚠️  LABUSDT: compute_stake=0 (sermaye / max açık / Kelly)
⚠️  GUAUSDT: compute_stake=0 (sermaye / max açık / Kelly)
⚠️  XVSUSDT: compute_stake=0 (sermaye / max açık / Kelly)
⚠️  PONKEUSDT: compute_stake=0 (sermaye / max açık / Kelly)
⚠️  FIDAUSDT: compute_stake=0 (sermaye / max açık / Kelly)
⚠️  LABUSDT: compute_stake=0 (sermaye / max açık / Kelly)
INFO:     127.0.0.1:63471 - "WebSocket /ws" [accepted]
INFO:     connection open
INFO:     127.0.0.1:63466 - "GET /favicon.ico HTTP/1.1" 404 Not Found
⚠️  GUAUSDT: compute_stake=0 (sermaye / max açık / Kelly)
⚠️  XVSUSDT: compute_stake=0 (sermaye / max açık / Kelly)
⚠️  PONKEUSDT: compute_stake=0 (sermaye / max açık / Kelly)
⚠️  FIDAUSDT: compute_stake=0 (sermaye / max açık / Kelly)
⚠️  LABUSDT: compute_stake=0 (sermaye / max açık / Kelly)
  ✓ Borsa kapanış TUSDT TP qty=227339.0
✅ Closed #6: TUSDT | $2.40
  ✓ Borsa emri #95549584 LONG SYSUSDT 3x qty=303971.0
✅ LONG SYSUSDT @ $0.00 | 3x | stake=$405 | kelly_raw=$1000 | score=0.62
🤖 Demo emir: SYSUSDT LONG Δ+0.52%
⚠️  XVSUSDT: compute_stake=0 (sermaye / max açık / Kelly)
⚠️  PONKEUSDT: compute_stake=0 (sermaye / max açık / Kelly)
⚠️  RAREUSDT: compute_stake=0 (sermaye / max açık / Kelly)
⚠️  PLAYUSDT: compute_stake=0 (sermaye / max açık / Kelly)
⚠️  LABUSDT: compute_stake=0 (sermaye / max açık / Kelly)
⚠️  RAREUSDT: compute_stake=0 (sermaye / max açık / Kelly)
⚠️  LABUSDT: compute_stake=0 (sermaye / max açık / Kelly)
⚠️  SAPIENUSDT: compute_stake=0 (sermaye / max açık / Kelly)
⚠️  RAREUSDT: compute_stake=0 (sermaye / max açık / Kelly)
⚠️  PONKEUSDT: compute_stake=0 (sermaye / max açık / Kelly)
⚠️  SAPIENUSDT: compute_stake=0 (sermaye / max açık / Kelly)
⚠️  LABUSDT: compute_stake=0 (sermaye / max açık / Kelly)
⚠️  SPORTFUNUSDT: compute_stake=0 (sermaye / max açık / Kelly)
⚠️  RAREUSDT: compute_stake=0 (sermaye / max açık / Kelly)
⚠️  PONKEUSDT: compute_stake=0 (sermaye / max açık / Kelly)
⚠️  LABUSDT: compute_stake=0 (sermaye / max açık / Kelly)
⚠️  RAREUSDT: compute_stake=0 (sermaye / max açık / Kelly)
⚠️  SAPIENUSDT: compute_stake=0 (sermaye / max açık / Kelly)
⚠️  PONKEUSDT: compute_stake=0 (sermaye / max açık / Kelly)
⚠️  RAREUSDT: compute_stake=0 (sermaye / max açık / Kelly)
⚠️  SAPIENUSDT: compute_stake=0 (sermaye / max açık / Kelly)
⚠️  ETHWUSDT: compute_stake=0 (sermaye / max açık / Kelly)
⚠️  PONKEUSDT: compute_stake=0 (sermaye / max açık / Kelly)
⚠️  RAREUSDT: compute_stake=0 (sermaye / max açık / Kelly)
⚠️  SAPIENUSDT: compute_stake=0 (sermaye / max açık / Kelly)
⚠️  ETHWUSDT: compute_stake=0 (sermaye / max açık / Kelly)
⚠️  PONKEUSDT: compute_stake=0 (sermaye / max açık / Kelly)
⚠️  RAREUSDT: compute_stake=0 (sermaye / max açık / Kelly)
⚠️  TAKEUSDT: compute_stake=0 (sermaye / max açık / Kelly)
⚠️  RAREUSDT: compute_stake=0 (sermaye / max açık / Kelly)
⚠️  PONKEUSDT: compute_stake=0 (sermaye / max açık / Kelly)
⚠️  GUAUSDT: compute_stake=0 (sermaye / max açık / Kelly)
⚠️  PONKEUSDT: compute_stake=0 (sermaye / max açık / Kelly)
⚠️  ONDOUSDT: compute_stake=0 (sermaye / max açık / Kelly)
⚠️  GUAUSDT: compute_stake=0 (sermaye / max açık / Kelly)
⚠️  PLAYUSDT: compute_stake=0 (sermaye / max açık / Kelly)
⚠️  PONKEUSDT: compute_stake=0 (sermaye / max açık / Kelly)
⚠️  ATAUSDT: compute_stake=0 (sermaye / max açık / Kelly)
⚠️  GUAUSDT: compute_stake=0 (sermaye / max açık / Kelly)
⚠️  PONKEUSDT: compute_stake=0 (sermaye / max açık / Kelly)
⚠️  BERAUSDT: compute_stake=0 (sermaye / max açık / Kelly)
⚠️  CLANKERUSDT: compute_stake=0 (sermaye / max açık / Kelly)
⚠️  PONKEUSDT: compute_stake=0 (sermaye / max açık / Kelly)
⚠️  PONKEUSDT: compute_stake=0 (sermaye / max açık / Kelly)
⚠️  PLAYUSDT: compute_stake=0 (sermaye / max açık / Kelly)
⚠️  PYTHUSDT: compute_stake=0 (sermaye / max açık / Kelly)
⚠️  PLAYUSDT: compute_stake=0 (sermaye / max açık / Kelly)
⚠️  NAORISUSDT: compute_stake=0 (sermaye / max açık / Kelly)
⚠️  PYTHUSDT: compute_stake=0 (sermaye / max açık / Kelly)
⚠️  STABLEUSDT: compute_stake=0 (sermaye / max açık / Kelly)
⚠️  TAKEUSDT: compute_stake=0 (sermaye / max açık / Kelly)
⚠️  SENTUSDT: compute_stake=0 (sermaye / max açık / Kelly)
⚠️  PLAYUSDT: compute_stake=0 (sermaye / max açık / Kelly)
⚠️  NEIROUSDT: compute_stake=0 (sermaye / max açık / Kelly)
⚠️  PLAYUSDT: compute_stake=0 (sermaye / max açık / Kelly)
⚠️  MLNUSDT: compute_stake=0 (sermaye / max açık / Kelly)
⚠️  SENTUSDT: compute_stake=0 (sermaye / max açık / Kelly)
⚠️  STABLEUSDT: compute_stake=0 (sermaye / max açık / Kelly)
⚠️  PLAYUSDT: compute_stake=0 (sermaye / max açık / Kelly)
⚠️  MLNUSDT: compute_stake=0 (sermaye / max açık / Kelly)
⚠️  SAHARAUSDT: compute_stake=0 (sermaye / max açık / Kelly)
⚠️  PLAYUSDT: compute_stake=0 (sermaye / max açık / Kelly)
⚠️  SYRUPUSDT: compute_stake=0 (sermaye / max açık / Kelly)
⚠️  QUSDT: compute_stake=0 (sermaye / max açık / Kelly)
⚠️  PLAYUSDT: compute_stake=0 (sermaye / max açık / Kelly)
⚠️  SYRUPUSDT: compute_stake=0 (sermaye / max açık / Kelly)
⚠️  QUSDT: compute_stake=0 (sermaye / max açık / Kelly)
⚠️  PLAYUSDT: compute_stake=0 (sermaye / max açık / Kelly)
⚠️  MLNUSDT: compute_stake=0 (sermaye / max açık / Kelly)
⚠️  XPINUSDT: compute_stake=0 (sermaye / max açık / Kelly)
⚠️  SYRUPUSDT: compute_stake=0 (sermaye / max açık / Kelly)
⚠️  MLNUSDT: compute_stake=0 (sermaye / max açık / Kelly)
⚠️  SAHARAUSDT: compute_stake=0 (sermaye / max açık / Kelly)
⚠️  QUICKUSDT: compute_stake=0 (sermaye / max açık / Kelly)
⚠️  MLNUSDT: compute_stake=0 (sermaye / max açık / Kelly)
⚠️  SAHARAUSDT: compute_stake=0 (sermaye / max açık / Kelly)
⚠️  QUICKUSDT: compute_stake=0 (sermaye / max açık / Kelly)
⚠️  MLNUSDT: compute_stake=0 (sermaye / max açık / Kelly)
⚠️  SAHARAUSDT: compute_stake=0 (sermaye / max açık / Kelly)
⚠️  QUICKUSDT: compute_stake=0 (sermaye / max açık / Kelly)
⚠️  INJUSDT: compute_stake=0 (sermaye / max açık / Kelly)
⚠️  QUICKUSDT: compute_stake=0 (sermaye / max açık / Kelly)
⚠️  INJUSDT: compute_stake=0 (sermaye / max açık / Kelly)
⚠️  QUICKUSDT: compute_stake=0 (sermaye / max açık / Kelly)
⚠️  USELESSUSDT: compute_stake=0 (sermaye / max açık / Kelly)
⚠️  ONDOUSDT: compute_stake=0 (sermaye / max açık / Kelly)
⚠️  FIDAUSDT: compute_stake=0 (sermaye / max açık / Kelly)
⚠️  KMNOUSDT: compute_stake=0 (sermaye / max açık / Kelly)
⚠️  PONKEUSDT: compute_stake=0 (sermaye / max açık / Kelly)
⚠️  USELESSUSDT: compute_stake=0 (sermaye / max açık / Kelly)
⚠️  KMNOUSDT: compute_stake=0 (sermaye / max açık / Kelly)
⚠️  PONKEUSDT: compute_stake=0 (sermaye / max açık / Kelly)
⚠️  SAHARAUSDT: compute_stake=0 (sermaye / max açık / Kelly)
⚠️  USELESSUSDT: compute_stake=0 (sermaye / max açık / Kelly)
⚠️  KMNOUSDT: compute_stake=0 (sermaye / max açık / Kelly)
⚠️  PONKEUSDT: compute_stake=0 (sermaye / max açık / Kelly)
⚠️  USELESSUSDT: compute_stake=0 (sermaye / max açık / Kelly)
⚠️  FIDAUSDT: compute_stake=0 (sermaye / max açık / Kelly)
⚠️  GWEIUSDT: compute_stake=0 (sermaye / max açık / Kelly)
⚠️  KMNOUSDT: compute_stake=0 (sermaye / max açık / Kelly)
⚠️  USELESSUSDT: compute_stake=0 (sermaye / max açık / Kelly)
⚠️  GUAUSDT: compute_stake=0 (sermaye / max açık / Kelly)
⚠️  ONDOUSDT: compute_stake=0 (sermaye / max açık / Kelly)
⚠️  QUICKUSDT: compute_stake=0 (sermaye / max açık / Kelly)
⚠️  PLAYUSDT: compute_stake=0 (sermaye / max açık / Kelly)
⚠️  GWEIUSDT: compute_stake=0 (sermaye / max açık / Kelly)
⚠️  KMNOUSDT: compute_stake=0 (sermaye / max açık / Kelly)
⚠️  SXPUSDT: compute_stake=0 (sermaye / max açık / Kelly)
⚠️  USELESSUSDT: compute_stake=0 (sermaye / max açık / Kelly)
⚠️  ONDOUSDT: compute_stake=0 (sermaye / max açık / Kelly)
⚠️  QUICKUSDT: compute_stake=0 (sermaye / max açık / Kelly)
⚠️  PLAYUSDT: compute_stake=0 (sermaye / max açık / Kelly)
⚠️  PLAYUSDT: compute_stake=0 (sermaye / max açık / Kelly)
⚠️  GWEIUSDT: compute_stake=0 (sermaye / max açık / Kelly)
⚠️  GUAUSDT: compute_stake=0 (sermaye / max açık / Kelly)
⚠️  SXPUSDT: compute_stake=0 (sermaye / max açık / Kelly)
⚠️  USELESSUSDT: compute_stake=0 (sermaye / max açık / Kelly)
⚠️  QUICKUSDT: compute_stake=0 (sermaye / max açık / Kelly)
⚠️  PLAYUSDT: compute_stake=0 (sermaye / max açık / Kelly)
⚠️  QUICKUSDT: compute_stake=0 (sermaye / max açık / Kelly)
⚠️  USELESSUSDT: compute_stake=0 (sermaye / max açık / Kelly)
⚠️  SXPUSDT: compute_stake=0 (sermaye / max açık / Kelly)
⚠️  PROMPTUSDT: compute_stake=0 (sermaye / max açık / Kelly)
⚠️  PLAYUSDT: compute_stake=0 (sermaye / max açık / Kelly)
⚠️  QUICKUSDT: compute_stake=0 (sermaye / max açık / Kelly)
⚠️  USELESSUSDT: compute_stake=0 (sermaye / max açık / Kelly)
⚠️  SXPUSDT: compute_stake=0 (sermaye / max açık / Kelly)
⚠️  PROMPTUSDT: compute_stake=0 (sermaye / max açık / Kelly)
⚠️  GWEIUSDT: compute_stake=0 (sermaye / max açık / Kelly)
⚠️  PLAYUSDT: compute_stake=0 (sermaye / max açık / Kelly)
⚠️  LABUSDT: compute_stake=0 (sermaye / max açık / Kelly)
⚠️  SXPUSDT: compute_stake=0 (sermaye / max açık / Kelly)
⚠️  GWEIUSDT: compute_stake=0 (sermaye / max açık / Kelly)
⚠️  PLAYUSDT: compute_stake=0 (sermaye / max açık / Kelly)
⚠️  LABUSDT: compute_stake=0 (sermaye / max açık / Kelly)
⚠️  SXPUSDT: compute_stake=0 (sermaye / max açık / Kelly)
⚠️  HUSDT: compute_stake=0 (sermaye / max açık / Kelly)
⚠️  ATAUSDT: compute_stake=0 (sermaye / max açık / Kelly)
⚠️  GWEIUSDT: compute_stake=0 (sermaye / max açık / Kelly)
⚠️  PLAYUSDT: compute_stake=0 (sermaye / max açık / Kelly)
⚠️  GWEIUSDT: compute_stake=0 (sermaye / max açık / Kelly)
⚠️  LABUSDT: compute_stake=0 (sermaye / max açık / Kelly)
⚠️  SAHARAUSDT: compute_stake=0 (sermaye / max açık / Kelly)
⚠️  PLAYUSDT: compute_stake=0 (sermaye / max açık / Kelly)
⚠️  LABUSDT: compute_stake=0 (sermaye / max açık / Kelly)
⚠️  AIAUSDT: compute_stake=0 (sermaye / max açık / Kelly)
⚠️  GWEIUSDT: compute_stake=0 (sermaye / max açık / Kelly)
⚠️  SAHARAUSDT: compute_stake=0 (sermaye / max açık / Kelly)
⚠️  ASTERUSDT: compute_stake=0 (sermaye / max açık / Kelly)
⚠️  LABUSDT: compute_stake=0 (sermaye / max açık / Kelly)
⚠️  SAHARAUSDT: compute_stake=0 (sermaye / max açık / Kelly)
⚠️  LABUSDT: compute_stake=0 (sermaye / max açık / Kelly)
⚠️  SWELLUSDT: compute_stake=0 (sermaye / max açık / Kelly)
⚠️  MLNUSDT: compute_stake=0 (sermaye / max açık / Kelly)
⚠️  SWELLUSDT: compute_stake=0 (sermaye / max açık / Kelly)
⚠️  MLNUSDT: compute_stake=0 (sermaye / max açık / Kelly)
⚠️  FIDAUSDT: compute_stake=0 (sermaye / max açık / Kelly)
⚠️  MLNUSDT: compute_stake=0 (sermaye / max açık / Kelly)
⚠️  SWELLUSDT: compute_stake=0 (sermaye / max açık / Kelly)
⚠️  GWEIUSDT: compute_stake=0 (sermaye / max açık / Kelly)
⚠️  SWELLUSDT: compute_stake=0 (sermaye / max açık / Kelly)
⚠️  INXUSDT: compute_stake=0 (sermaye / max açık / Kelly)
⚠️  FIDAUSDT: compute_stake=0 (sermaye / max açık / Kelly)
⚠️  PLAYUSDT: compute_stake=0 (sermaye / max açık / Kelly)
⚠️  MLNUSDT: compute_stake=0 (sermaye / max açık / Kelly)
⚠️  ETHWUSDT: compute_stake=0 (sermaye / max açık / Kelly)
⚠️  SWELLUSDT: compute_stake=0 (sermaye / max açık / Kelly)
⚠️  FIDAUSDT: compute_stake=0 (sermaye / max açık / Kelly)
⚠️  INXUSDT: compute_stake=0 (sermaye / max açık / Kelly)
⚠️  MLNUSDT: compute_stake=0 (sermaye / max açık / Kelly)
⚠️  GRASSUSDT: compute_stake=0 (sermaye / max açık / Kelly)
⚠️  SWELLUSDT: compute_stake=0 (sermaye / max açık / Kelly)
⚠️  FIDAUSDT: compute_stake=0 (sermaye / max açık / Kelly)
⚠️  INXUSDT: compute_stake=0 (sermaye / max açık / Kelly)
⚠️  MLNUSDT: compute_stake=0 (sermaye / max açık / Kelly)
⚠️  GRASSUSDT: compute_stake=0 (sermaye / max açık / Kelly)
⚠️  CLANKERUSDT: compute_stake=0 (sermaye / max açık / Kelly)
⚠️  SWELLUSDT: compute_stake=0 (sermaye / max açık / Kelly)
⚠️  INXUSDT: compute_stake=0 (sermaye / max açık / Kelly)
⚠️  MLNUSDT: compute_stake=0 (sermaye / max açık / Kelly)
⚠️  APRUSDT: compute_stake=0 (sermaye / max açık / Kelly)
⚠️  FIDAUSDT: compute_stake=0 (sermaye / max açık / Kelly)
⚠️  GRASSUSDT: compute_stake=0 (sermaye / max açık / Kelly)
⚠️  CLANKERUSDT: compute_stake=0 (sermaye / max açık / Kelly)
⚠️  SWELLUSDT: compute_stake=0 (sermaye / max açık / Kelly)
⚠️  INXUSDT: compute_stake=0 (sermaye / max açık / Kelly)
⚠️  MLNUSDT: compute_stake=0 (sermaye / max açık / Kelly)
⚠️  APRUSDT: compute_stake=0 (sermaye / max açık / Kelly)
⚠️  FIDAUSDT: compute_stake=0 (sermaye / max açık / Kelly)
⚠️  SWELLUSDT: compute_stake=0 (sermaye / max açık / Kelly)
⚠️  MLNUSDT: compute_stake=0 (sermaye / max açık / Kelly)
⚠️  GTCUSDT: compute_stake=0 (sermaye / max açık / Kelly)
⚠️  CLANKERUSDT: compute_stake=0 (sermaye / max açık / Kelly)
⚠️  INJUSDT: compute_stake=0 (sermaye / max açık / Kelly)
⚠️  SWELLUSDT: compute_stake=0 (sermaye / max açık / Kelly)
⚠️  GTCUSDT: compute_stake=0 (sermaye / max açık / Kelly)
⚠️  CLANKERUSDT: compute_stake=0 (sermaye / max açık / Kelly)
⚠️  INJUSDT: compute_stake=0 (sermaye / max açık / Kelly)
⚠️  SWELLUSDT: compute_stake=0 (sermaye / max açık / Kelly)
⚠️  GTCUSDT: compute_stake=0 (sermaye / max açık / Kelly)
⚠️  CLANKERUSDT: compute_stake=0 (sermaye / max açık / Kelly)
⚠️  INJUSDT: compute_stake=0 (sermaye / max açık / Kelly)
⚠️  SWELLUSDT: compute_stake=0 (sermaye / max açık / Kelly)
⚠️  GTCUSDT: compute_stake=0 (sermaye / max açık / Kelly)
⚠️  INJUSDT: compute_stake=0 (sermaye / max açık / Kelly)
⚠️  XPINUSDT: compute_stake=0 (sermaye / max açık / Kelly)
  ✓ Borsa kapanış YBUSDT TP qty=7070.0
✅ Closed #3: YBUSDT | $1.09
⚠️  SQDUSDT: compute_stake=0 (sermaye / max açık / Kelly)
⚠️  USELESSUSDT: compute_stake=0 (sermaye / max açık / Kelly)
⚠️  SQDUSDT: compute_stake=0 (sermaye / max açık / Kelly)
⚠️  MUSDT: compute_stake=0 (sermaye / max açık / Kelly)
⚠️  SCRTUSDT: compute_stake=0 (sermaye / max açık / Kelly)
⚠️  USELESSUSDT: compute_stake=0 (sermaye / max açık / Kelly)
⚠️  LABUSDT: compute_stake=0 (sermaye / max açık / Kelly)
⚠️  SQDUSDT: compute_stake=0 (sermaye / max açık / Kelly)
⚠️  MUSDT: compute_stake=0 (sermaye / max açık / Kelly)
⚠️  USELESSUSDT: compute_stake=0 (sermaye / max açık / Kelly)
⚠️  SCRTUSDT: compute_stake=0 (sermaye / max açık / Kelly)
⚠️  SQDUSDT: compute_stake=0 (sermaye / max açık / Kelly)
⚠️  MUSDT: compute_stake=0 (sermaye / max açık / Kelly)
⚠️  USELESSUSDT: compute_stake=0 (sermaye / max açık / Kelly)
⚠️  SCRTUSDT: compute_stake=0 (sermaye / max açık / Kelly)
⚠️  GWEIUSDT: compute_stake=0 (sermaye / max açık / Kelly)
⚠️  LABUSDT: compute_stake=0 (sermaye / max açık / Kelly)
⚠️  MUSDT: compute_stake=0 (sermaye / max açık / Kelly)
⚠️  SCRTUSDT: compute_stake=0 (sermaye / max açık / Kelly)
⚠️  SQDUSDT: compute_stake=0 (sermaye / max açık / Kelly)
⚠️  GWEIUSDT: compute_stake=0 (sermaye / max açık / Kelly)
⚠️  MUSDT: compute_stake=0 (sermaye / max açık / Kelly)
⚠️  LABUSDT: compute_stake=0 (sermaye / max açık / Kelly)
⚠️  SQDUSDT: compute_stake=0 (sermaye / max açık / Kelly)
⚠️  XPINUSDT: compute_stake=0 (sermaye / max açık / Kelly)
⚠️  SQDUSDT: compute_stake=0 (sermaye / max açık / Kelly)
⚠️  MUSDT: compute_stake=0 (sermaye / max açık / Kelly)
⚠️  JTOUSDT: compute_stake=0 (sermaye / max açık / Kelly)
⚠️  LABUSDT: compute_stake=0 (sermaye / max açık / Kelly)
⚠️  SCRTUSDT: compute_stake=0 (sermaye / max açık / Kelly)
⚠️  XPINUSDT: compute_stake=0 (sermaye / max açık / Kelly)
⚠️  SQDUSDT: compute_stake=0 (sermaye / max açık / Kelly)
⚠️  MUSDT: compute_stake=0 (sermaye / max açık / Kelly)
⚠️  JTOUSDT: compute_stake=0 (sermaye / max açık / Kelly)
⚠️  LABUSDT: compute_stake=0 (sermaye / max açık / Kelly)
⚠️  SCRTUSDT: compute_stake=0 (sermaye / max açık / Kelly)
⚠️  XPINUSDT: compute_stake=0 (sermaye / max açık / Kelly)
⚠️  GWEIUSDT: compute_stake=0 (sermaye / max açık / Kelly)
⚠️  MUSDT: compute_stake=0 (sermaye / max açık / Kelly)
⚠️  SQDUSDT: compute_stake=0 (sermaye / max açık / Kelly)
⚠️  JTOUSDT: compute_stake=0 (sermaye / max açık / Kelly)
⚠️  BBUSDT: compute_stake=0 (sermaye / max açık / Kelly)
⚠️  JTOUSDT: compute_stake=0 (sermaye / max açık / Kelly)
⚠️  SQDUSDT: compute_stake=0 (sermaye / max açık / Kelly)
⚠️  MUSDT: compute_stake=0 (sermaye / max açık / Kelly)
⚠️  PROMPTUSDT: compute_stake=0 (sermaye / max açık / Kelly)
⚠️  JTOUSDT: compute_stake=0 (sermaye / max açık / Kelly)
⚠️  FIDAUSDT: compute_stake=0 (sermaye / max açık / Kelly)
⚠️  PROMPTUSDT: compute_stake=0 (sermaye / max açık / Kelly)
⚠️  JTOUSDT: compute_stake=0 (sermaye / max açık / Kelly)
⚠️  FIDAUSDT: compute_stake=0 (sermaye / max açık / Kelly)
  ✓ Borsa kapanış NILUSDT SL qty=25230.5
✅ Closed #4: NILUSDT | $-11.73
  ⛔ Borsa açılış başarısız SXPUSDT: Binance 400: {"code":-4005,"msg":"Quantity greater than max quantity."}
  ✓ Borsa emri #93209543 SHORT PROMPTUSDT 3x qty=19485.0
✅ SHORT PROMPTUSDT @ $0.04 | 3x | stake=$250 | kelly_raw=$0 | score=0.60
🤖 Demo emir: PROMPTUSDT SHORT Δ-0.37%
  ✓ Borsa emri #115509744 LONG JTOUSDT 3x qty=3006.0
✅ LONG JTOUSDT @ $0.47 | 3x | stake=$471 | kelly_raw=$1000 | score=0.58
🤖 Demo emir: JTOUSDT LONG Δ+0.29%
⚠️  PLAYUSDT: compute_stake=0 (sermaye / max açık / Kelly)
⚠️  RAVEUSDT: compute_stake=0 (sermaye / max açık / Kelly)
  ✓ Borsa kapanış PROMPTUSDT TP qty=19485.0
✅ Closed #8: PROMPTUSDT | $1.39
  ✓ Borsa emri #100180798 LONG SQDUSDT 3x qty=19080.0
✅ LONG SQDUSDT @ $0.04 | 3x | stake=$250 | kelly_raw=$1000 | score=0.64
🤖 Demo emir: SQDUSDT LONG Δ+0.68%
⚠️  SXPUSDT: compute_stake=0 (sermaye / max açık / Kelly)
⚠️  SAPIENUSDT: compute_stake=0 (sermaye / max açık / Kelly)
⚠️  SWELLUSDT: compute_stake=0 (sermaye / max açık / Kelly)
⚠️  SAGAUSDT: compute_stake=0 (sermaye / max açık / Kelly)
⚠️  SAFEUSDT: compute_stake=0 (sermaye / max açık / Kelly)
⚠️  SXPUSDT: compute_stake=0 (sermaye / max açık / Kelly)
⚠️  SAPIENUSDT: compute_stake=0 (sermaye / max açık / Kelly)
⚠️  SWELLUSDT: compute_stake=0 (sermaye / max açık / Kelly)
⚠️  SAGAUSDT: compute_stake=0 (sermaye / max açık / Kelly)
⚠️  SPORTFUNUSDT: compute_stake=0 (sermaye / max açık / Kelly)
⚠️  SXPUSDT: compute_stake=0 (sermaye / max açık / Kelly)
⚠️  SWELLUSDT: compute_stake=0 (sermaye / max açık / Kelly)
⚠️  SAGAUSDT: compute_stake=0 (sermaye / max açık / Kelly)
⚠️  SPORTFUNUSDT: compute_stake=0 (sermaye / max açık / Kelly)
⚠️  SXPUSDT: compute_stake=0 (sermaye / max açık / Kelly)
⚠️  SWELLUSDT: compute_stake=0 (sermaye / max açık / Kelly)
⚠️  SPORTFUNUSDT: compute_stake=0 (sermaye / max açık / Kelly)
⚠️  SXPUSDT: compute_stake=0 (sermaye / max açık / Kelly)
⚠️  SWELLUSDT: compute_stake=0 (sermaye / max açık / Kelly)
⚠️  SLERFUSDT: compute_stake=0 (sermaye / max açık / Kelly)
⚠️  YALAUSDT: compute_stake=0 (sermaye / max açık / Kelly)
⚠️  ZRCUSDT: compute_stake=0 (sermaye / max açık / Kelly)
⚠️  VOXELUSDT: compute_stake=0 (sermaye / max açık / Kelly)
⚠️  TRUUSDT: compute_stake=0 (sermaye / max açık / Kelly)
⚠️  SXPUSDT: compute_stake=0 (sermaye / max açık / Kelly)
⚠️  VINEUSDT: compute_stake=0 (sermaye / max açık / Kelly)
⚠️  USELESSUSDT: compute_stake=0 (sermaye / max açık / Kelly)
⚠️  ZKJUSDT: compute_stake=0 (sermaye / max açık / Kelly)
⚠️  VTHOUSDT: compute_stake=0 (sermaye / max açık / Kelly)
⚠️  SXPUSDT: compute_stake=0 (sermaye / max açık / Kelly)
⚠️  SPORTFUNUSDT: compute_stake=0 (sermaye / max açık / Kelly)
⚠️  SWELLUSDT: compute_stake=0 (sermaye / max açık / Kelly)
⚠️  UBUSDT: compute_stake=0 (sermaye / max açık / Kelly)
⚠️  XANUSDT: compute_stake=0 (sermaye / max açık / Kelly)
⚠️  SXPUSDT: compute_stake=0 (sermaye / max açık / Kelly)
⚠️  SPORTFUNUSDT: compute_stake=0 (sermaye / max açık / Kelly)
⚠️  SWELLUSDT: compute_stake=0 (sermaye / max açık / Kelly)
⚠️  UBUSDT: compute_stake=0 (sermaye / max açık / Kelly)
⚠️  XANUSDT: compute_stake=0 (sermaye / max açık / Kelly)
⚠️  SPORTFUNUSDT: compute_stake=0 (sermaye / max açık / Kelly)
⚠️  XANUSDT: compute_stake=0 (sermaye / max açık / Kelly)
⚠️  UBUSDT: compute_stake=0 (sermaye / max açık / Kelly)
⚠️  PHBUSDT: compute_stake=0 (sermaye / max açık / Kelly)
⚠️  SPORTFUNUSDT: compute_stake=0 (sermaye / max açık / Kelly)
⚠️  UNIUSDT: compute_stake=0 (sermaye / max açık / Kelly)
⚠️  PHBUSDT: compute_stake=0 (sermaye / max açık / Kelly)
⚠️  SPORTFUNUSDT: compute_stake=0 (sermaye / max açık / Kelly)
⚠️  GWEIUSDT: compute_stake=0 (sermaye / max açık / Kelly)
⚠️  UNIUSDT: compute_stake=0 (sermaye / max açık / Kelly)
⚠️  JCTUSDT: compute_stake=0 (sermaye / max açık / Kelly)
⚠️  PHBUSDT: compute_stake=0 (sermaye / max açık / Kelly)
⚠️  UNIUSDT: compute_stake=0 (sermaye / max açık / Kelly)
⚠️  DASHUSDT: compute_stake=0 (sermaye / max açık / Kelly)
  ✓ Borsa kapanış SQDUSDT TP qty=19080.0
✅ Closed #10: SQDUSDT | $1.18
  ✓ Borsa emri #88764338 LONG SAPIENUSDT 3x qty=6845.0
✅ LONG SAPIENUSDT @ $0.11 | 3x | stake=$251 | kelly_raw=$1000 | score=0.62
🤖 Demo emir: SAPIENUSDT LONG Δ+0.55%
⚠️  USELESSUSDT: compute_stake=0 (sermaye / max açık / Kelly)
⚠️  UBUSDT: compute_stake=0 (sermaye / max açık / Kelly)
⚠️  UNIUSDT: compute_stake=0 (sermaye / max açık / Kelly)
⚠️  WIFUSDT: compute_stake=0 (sermaye / max açık / Kelly)
⚠️  PLAYUSDT: compute_stake=0 (sermaye / max açık / Kelly)
⚠️  XANUSDT: compute_stake=0 (sermaye / max açık / Kelly)
  ✓ Borsa kapanış JTOUSDT TP qty=3006.0
✅ Closed #9: JTOUSDT | $3.53
  ✓ Borsa emri #109683093 LONG USELESSUSDT 3x qty=21484.0
✅ LONG USELESSUSDT @ $0.07 | 3x | stake=$471 | kelly_raw=$1000 | score=0.63
🤖 Demo emir: USELESSUSDT LONG Δ+0.59%
⚠️  UNIUSDT: compute_stake=0 (sermaye / max açık / Kelly)
⚠️  UBUSDT: compute_stake=0 (sermaye / max açık / Kelly)
⚠️  ZECUSDT: compute_stake=0 (sermaye / max açık / Kelly)
⚠️  XANUSDT: compute_stake=0 (sermaye / max açık / Kelly)
⚠️  SUSHIUSDT: compute_stake=0 (sermaye / max açık / Kelly)
  ✓ Borsa kapanış SAPIENUSDT TP qty=6845.0
✅ Closed #11: SAPIENUSDT | $3.99
📊 BINANCE_FULL_UNIVERSE: 524 USDT-M perpetual
━━━━━━━━━━━━━━━━━━━━━━━━━━━━━━━━━━━━━━━━━━━━━━━━━━━━━━━━━━━━━━━━━━━━━━━━━━━━━━━━
🚀 BINANCE FUTURES ELITE PRO — senaryo: binance_elite_8300_9005.env
━━━━━━━━━━━━━━━━━━━━━━━━━━━━━━━━━━━━━━━━━━━━━━━━━━━━━━━━━━━━━━━━━━━━━━━━━━━━━━━━
📡 Access: http://localhost:9005
💰 STARTING_BALANCE: $4,793 | ELITE_MAX_OPEN: 14
📐 TP: ELITE_TP_STAKE_PCT=0.007 × ELITE_TP_TRIGGER_FRAC=1.0 | SL: ELITE_SL_STAKE_PCT=0.022
🔧 Mode: DEMO canlı emir (demo-fapi) | watchlist: 524 sembol
━━━━━━━━━━━━━━━━━━━━━━━━━━━━━━━━━━━━━━━━━━━━━━━━━━━━━━━━━━━━━━━━━━━━━━━━━━━━━━━━
INFO:     Started server process [91241]
INFO:     Waiting for application startup.
  📦 Kapanmış işlem DB: 9 kayıt (9 kazanç) → binance_elite_8300_9005_state.db
  ↻ Senkron: SHORT VIRTUALUSDT qty=1021.9 lev=3x
  ↻ Senkron: LONG STXUSDT qty=9449.0 lev=3x
  ↻ Senkron: LONG SYSUSDT qty=303971.0 lev=3x
  ↻ Senkron: LONG USELESSUSDT qty=21484.0 lev=3x
  ↻ Senkron: SHORT VVVUSDT qty=41.55 lev=3x
  ✓ Demo cüzdan: $4,793.36 USDT (kullanılabilir $2,641.50) | canlı emir AÇIK
  📡 Mark WS (!markPrice@arr) — 524 sembol evreni
INFO:     Application startup complete.
INFO:     Uvicorn running on http://0.0.0.0:9005 (Press CTRL+C to quit)
INFO:     127.0.0.1:63701 - "WebSocket /ws" [accepted]
INFO:     connection open
INFO:     127.0.0.1:63702 - "WebSocket /ws" [accepted]
INFO:     connection open
  ✓ Borsa kapanış STXUSDT TP qty=9449.0
✅ Closed #16: STXUSDT | $3.30
INFO:     127.0.0.1:63706 - "GET / HTTP/1.1" 200 OK
INFO:     connection closed
INFO:     127.0.0.1:63709 - "WebSocket /ws" [accepted]
INFO:     connection open
INFO:     127.0.0.1:63710 - "GET /api/live HTTP/1.1" 200 OK
  ⛔ Borsa açılış başarısız YALAUSDT: Binance 400: {"code":-4005,"msg":"Quantity greater than max quantity."}
  ✓ Borsa emri #130563762 SHORT ZRCUSDT 3x qty=437486.0
✅ SHORT ZRCUSDT @ $0.00 | 3x | stake=$250 | kelly_raw=$0 | score=0.77
🤖 Demo emir: ZRCUSDT SHORT Δ-2.59%
  ✓ Borsa emri #143745985 LONG VOXELUSDT 3x qty=186090.0
✅ LONG VOXELUSDT @ $0.01 | 3x | stake=$768 | kelly_raw=$1000 | score=0.77
🤖 Demo emir: VOXELUSDT LONG Δ+1.64%
⚠️  SXPUSDT: compute_stake=0 (sermaye / max açık / Kelly)
⚠️  VINEUSDT: compute_stake=0 (sermaye / max açık / Kelly)
⚠️  SWELLUSDT: compute_stake=0 (sermaye / max açık / Kelly)
⚠️  TRUUSDT: compute_stake=0 (sermaye / max açık / Kelly)
⚠️  ZKJUSDT: compute_stake=0 (sermaye / max açık / Kelly)
  ✓ Borsa kapanış ZRCUSDT TP qty=437486.0
✅ Closed #20: ZRCUSDT | $13.99
  ✓ Borsa emri #93210346 LONG PROMPTUSDT 3x qty=19334.0
✅ LONG PROMPTUSDT @ $0.04 | 3x | stake=$250 | kelly_raw=$1000 | score=0.61
🤖 Demo emir: PROMPTUSDT LONG Δ+0.47%
⚠️  SAHARAUSDT: compute_stake=0 (sermaye / max açık / Kelly)
⚠️  PENGUUSDT: compute_stake=0 (sermaye / max açık / Kelly)
⚠️  SAPIENUSDT: compute_stake=0 (sermaye / max açık / Kelly)
⚠️  SPORTFUNUSDT: compute_stake=0 (sermaye / max açık / Kelly)
  ✓ Borsa kapanış VOXELUSDT TP qty=186090.0
✅ Closed #21: VOXELUSDT | $30.16
  ✓ Borsa emri #114967248 LONG XNYUSDT 3x qty=276882.0
✅ LONG XNYUSDT @ $0.01 | 3x | stake=$768 | kelly_raw=$1000 | score=0.59
🤖 Demo emir: XNYUSDT LONG Δ+0.31%
⚠️  SXPUSDT: compute_stake=0 (sermaye / max açık / Kelly)
⚠️  USUSDT: compute_stake=0 (sermaye / max açık / Kelly)
⚠️  SXPUSDT: compute_stake=0 (sermaye / max açık / Kelly)
⚠️  USUSDT: compute_stake=0 (sermaye / max açık / Kelly)
⚠️  ZENUSDT: compute_stake=0 (sermaye / max açık / Kelly)
⚠️  USUSDT: compute_stake=0 (sermaye / max açık / Kelly)
⚠️  WLFIUSDT: compute_stake=0 (sermaye / max açık / Kelly)
⚠️  SAPIENUSDT: compute_stake=0 (sermaye / max açık / Kelly)
⚠️  USUSDT: compute_stake=0 (sermaye / max açık / Kelly)
⚠️  ZENUSDT: compute_stake=0 (sermaye / max açık / Kelly)
⚠️  WLFIUSDT: compute_stake=0 (sermaye / max açık / Kelly)
⚠️  SAPIENUSDT: compute_stake=0 (sermaye / max açık / Kelly)
INFO:     127.0.0.1:63707 - "GET / HTTP/1.1" 200 OK
INFO:     connection closed
⚠️  USUSDT: compute_stake=0 (sermaye / max açık / Kelly)
⚠️  ZENUSDT: compute_stake=0 (sermaye / max açık / Kelly)
⚠️  WLFIUSDT: compute_stake=0 (sermaye / max açık / Kelly)
⚠️  PLAYUSDT: compute_stake=0 (sermaye / max açık / Kelly)
⚠️  SAPIENUSDT: compute_stake=0 (sermaye / max açık / Kelly)
INFO:     127.0.0.1:63744 - "WebSocket /ws" [accepted]
INFO:     connection open
⚠️  USUSDT: compute_stake=0 (sermaye / max açık / Kelly)
⚠️  ZENUSDT: compute_stake=0 (sermaye / max açık / Kelly)
⚠️  WLFIUSDT: compute_stake=0 (sermaye / max açık / Kelly)
⚠️  PLAYUSDT: compute_stake=0 (sermaye / max açık / Kelly)
⚠️  PLAYUSDT: compute_stake=0 (sermaye / max açık / Kelly)
⚠️  USUSDT: compute_stake=0 (sermaye / max açık / Kelly)
⚠️  PLAYUSDT: compute_stake=0 (sermaye / max açık / Kelly)
⚠️  USUSDT: compute_stake=0 (sermaye / max açık / Kelly)
INFO:     127.0.0.1:63741 - "GET / HTTP/1.1" 200 OK
INFO:     connection closed
INFO:     127.0.0.1:63750 - "WebSocket /ws" [accepted]
INFO:     connection open
⚠️  PLAYUSDT: compute_stake=0 (sermaye / max açık / Kelly)
⚠️  MITOUSDT: compute_stake=0 (sermaye / max açık / Kelly)
⚠️  HUSDT: compute_stake=0 (sermaye / max açık / Kelly)
⚠️  PHBUSDT: compute_stake=0 (sermaye / max açık / Kelly)
⚠️  HUSDT: compute_stake=0 (sermaye / max açık / Kelly)
⚠️  NXPCUSDT: compute_stake=0 (sermaye / max açık / Kelly)
⚠️  PLAYUSDT: compute_stake=0 (sermaye / max açık / Kelly)
⚠️  PHBUSDT: compute_stake=0 (sermaye / max açık / Kelly)
⚠️  HUSDT: compute_stake=0 (sermaye / max açık / Kelly)
⚠️  CGPTUSDT: compute_stake=0 (sermaye / max açık / Kelly)
⚠️  FIDAUSDT: compute_stake=0 (sermaye / max açık / Kelly)
⚠️  NXPCUSDT: compute_stake=0 (sermaye / max açık / Kelly)
⚠️  PLAYUSDT: compute_stake=0 (sermaye / max açık / Kelly)
⚠️  ATAUSDT: compute_stake=0 (sermaye / max açık / Kelly)
⚠️  PHBUSDT: compute_stake=0 (sermaye / max açık / Kelly)
⚠️  HUSDT: compute_stake=0 (sermaye / max açık / Kelly)
⚠️  NXPCUSDT: compute_stake=0 (sermaye / max açık / Kelly)
⚠️  BBUSDT: compute_stake=0 (sermaye / max açık / Kelly)
⚠️  AIAUSDT: compute_stake=0 (sermaye / max açık / Kelly)
⚠️  MITOUSDT: compute_stake=0 (sermaye / max açık / Kelly)
⚠️  ATAUSDT: compute_stake=0 (sermaye / max açık / Kelly)
⚠️  PHBUSDT: compute_stake=0 (sermaye / max açık / Kelly)
⚠️  HUSDT: compute_stake=0 (sermaye / max açık / Kelly)
⚠️  BBUSDT: compute_stake=0 (sermaye / max açık / Kelly)
⚠️  NXPCUSDT: compute_stake=0 (sermaye / max açık / Kelly)
⚠️  AIAUSDT: compute_stake=0 (sermaye / max açık / Kelly)
⚠️  MITOUSDT: compute_stake=0 (sermaye / max açık / Kelly)
⚠️  PHBUSDT: compute_stake=0 (sermaye / max açık / Kelly)
⚠️  BBUSDT: compute_stake=0 (sermaye / max açık / Kelly)
⚠️  HUSDT: compute_stake=0 (sermaye / max açık / Kelly)
⚠️  FIDAUSDT: compute_stake=0 (sermaye / max açık / Kelly)
⚠️  AIAUSDT: compute_stake=0 (sermaye / max açık / Kelly)
  ✓ Borsa kapanış XNYUSDT TP qty=276882.0
✅ Closed #23: XNYUSDT | $4.63
  ✓ Borsa emri #101293922 LONG PHBUSDT 3x qty=35062.0
✅ LONG PHBUSDT @ $0.06 | 3x | stake=$759 | kelly_raw=$1000 | score=0.71
🤖 Demo emir: PHBUSDT LONG Δ+1.14%
⚠️  PLAYUSDT: compute_stake=0 (sermaye / max açık / Kelly)
⚠️  WLDUSDT: compute_stake=0 (sermaye / max açık / Kelly)
  ✓ Borsa kapanış USELESSUSDT TP qty=21484.0
✅ Closed #18: USELESSUSDT | $2.59
  ✓ Borsa kapanış PHBUSDT TP qty=35062.0
✅ Closed #24: PHBUSDT | $5.76
  ✓ Borsa emri #187041565 LONG WLDUSDT 3x qty=14947.0
✅ LONG WLDUSDT @ $0.25 | 3x | stake=$1230 | kelly_raw=$1000 | score=0.59
🤖 Demo emir: WLDUSDT LONG Δ+0.30%
⚠️  SAHARAUSDT: compute_stake=0 (sermaye / max açık / Kelly)
  ✓ Borsa kapanış VVVUSDT SL-EMERGENCY qty=41.55
✅ Closed #19: VVVUSDT | $-7.37
  ✓ Borsa emri #85071247 SHORT SAHARAUSDT 3x qty=20280.0
✅ SHORT SAHARAUSDT @ $0.04 | 3x | stake=$250 | kelly_raw=$0 | score=0.63
🤖 Demo emir: SAHARAUSDT SHORT Δ-0.58%
⚠️  XPINUSDT: compute_stake=0 (sermaye / max açık / Kelly)
  ✓ Borsa kapanış SAHARAUSDT TP qty=20280.0
✅ Closed #26: SAHARAUSDT | $1.96
  ✓ Borsa emri #73977973 SHORT ZKPUSDT 3x qty=10029.0
✅ SHORT ZKPUSDT @ $0.07 | 3x | stake=$250 | kelly_raw=$0 | score=0.62
🤖 Demo emir: ZKPUSDT SHORT Δ-0.50%
⚠️  USUSDT: compute_stake=0 (sermaye / max açık / Kelly)
⚠️  XPINUSDT: compute_stake=0 (sermaye / max açık / Kelly)
  ✓ Borsa kapanış WLDUSDT TP qty=14947.0
✅ Closed #25: WLDUSDT | $5.41
  ✓ Borsa emri #68965775 LONG USUSDT 3x qty=597355.0
✅ LONG USUSDT @ $0.01 | 3x | stake=$1223 | kelly_raw=$1000 | score=0.60
🤖 Demo emir: USUSDT LONG Δ+0.38%
⚠️  XPINUSDT: compute_stake=0 (sermaye / max açık / Kelly)
⚠️  ZENUSDT: compute_stake=0 (sermaye / max açık / Kelly)
  ✓ Borsa kapanış ZKPUSDT TP qty=10029.0
✅ Closed #27: ZKPUSDT | $2.26
  ✓ Borsa emri #141180087 LONG TONUSDT 3x qty=367.1
✅ LONG TONUSDT @ $2.04 | 3x | stake=$250 | kelly_raw=$1000 | score=0.59
🤖 Demo emir: TONUSDT LONG Δ+0.32%
⚠️  XPINUSDT: compute_stake=0 (sermaye / max açık / Kelly)
  ✓ Borsa kapanış USUSDT TP qty=597355.0
✅ Closed #28: USUSDT | $6.56
  ✓ Borsa emri #318491514 SHORT XPINUSDT 3x qty=604512.0
✅ SHORT XPINUSDT @ $0.00 | 3x | stake=$250 | kelly_raw=$0 | score=0.58
🤖 Demo emir: XPINUSDT SHORT Δ-0.30%
  ⛔ Borsa açılış başarısız ZKUSDT: Binance 400: {"code":-4005,"msg":"Quantity greater than max quantity."}
  ✓ Borsa emri #240006004 LONG XPLUSDT 3x qty=33698.0
✅ LONG XPLUSDT @ $0.09 | 3x | stake=$973 | kelly_raw=$1000 | score=0.58
🤖 Demo emir: XPLUSDT LONG Δ+0.27%
⚠️  ZETAUSDT: compute_stake=0 (sermaye / max açık / Kelly)
⚠️  TOWNSUSDT: compute_stake=0 (sermaye / max açık / Kelly)
⚠️  ZKUSDT: compute_stake=0 (sermaye / max açık / Kelly)
⚠️  TOWNSUSDT: compute_stake=0 (sermaye / max açık / Kelly)
⚠️  SXPUSDT: compute_stake=0 (sermaye / max açık / Kelly)
⚠️  TRBUSDT: compute_stake=0 (sermaye / max açık / Kelly)
⚠️  SXPUSDT: compute_stake=0 (sermaye / max açık / Kelly)
⚠️  SWARMSUSDT: compute_stake=0 (sermaye / max açık / Kelly)
⚠️  TRBUSDT: compute_stake=0 (sermaye / max açık / Kelly)
⚠️  STBLUSDT: compute_stake=0 (sermaye / max açık / Kelly)
⚠️  SXPUSDT: compute_stake=0 (sermaye / max açık / Kelly)
⚠️  TRBUSDT: compute_stake=0 (sermaye / max açık / Kelly)
⚠️  STBLUSDT: compute_stake=0 (sermaye / max açık / Kelly)
⚠️  SWARMSUSDT: compute_stake=0 (sermaye / max açık / Kelly)
⚠️  SXPUSDT: compute_stake=0 (sermaye / max açık / Kelly)
⚠️  SWARMSUSDT: compute_stake=0 (sermaye / max açık / Kelly)
⚠️  STBLUSDT: compute_stake=0 (sermaye / max açık / Kelly)
⚠️  TRBUSDT: compute_stake=0 (sermaye / max açık / Kelly)
INFO:     127.0.0.1:63939 - "GET / HTTP/1.1" 200 OK
INFO:     connection closed
INFO:     127.0.0.1:63942 - "WebSocket /ws" [accepted]
INFO:     connection open
⚠️  SXPUSDT: compute_stake=0 (sermaye / max açık / Kelly)
⚠️  RAREUSDT: compute_stake=0 (sermaye / max açık / Kelly)
⚠️  SWARMSUSDT: compute_stake=0 (sermaye / max açık / Kelly)
⚠️  STBLUSDT: compute_stake=0 (sermaye / max açık / Kelly)
  ✓ Borsa kapanış TONUSDT TP qty=367.1
✅ Closed #29: TONUSDT | $1.55
  ⛔ Borsa açılış başarısız SXPUSDT: Binance 400: {"code":-4131,"msg":"The counterparty's best price does not meet the PERCENT_PRICE filter limit."}
  ✓ Borsa emri #97918301 LONG RAREUSDT 3x qty=46526.0
✅ LONG RAREUSDT @ $0.02 | 3x | stake=$250 | kelly_raw=$1000 | score=0.61
🤖 Demo emir: RAREUSDT LONG Δ+0.48%
⚠️  PLAYUSDT: compute_stake=0 (sermaye / max açık / Kelly)
⚠️  SWARMSUSDT: compute_stake=0 (sermaye / max açık / Kelly)
⚠️  STBLUSDT: compute_stake=0 (sermaye / max açık / Kelly)
  ✓ Borsa kapanış SYSUSDT SL qty=303971.0
✅ Closed #17: SYSUSDT | $-10.50
  ✓ Borsa emri #131502772 LONG NAORISUSDT 3x qty=35281.0
✅ LONG NAORISUSDT @ $0.03 | 3x | stake=$407 | kelly_raw=$1000 | score=0.63
🤖 Demo emir: NAORISUSDT LONG Δ+0.60%
⚠️  PLAYUSDT: compute_stake=0 (sermaye / max açık / Kelly)
⚠️  NILUSDT: compute_stake=0 (sermaye / max açık / Kelly)
⚠️  REDUSDT: compute_stake=0 (sermaye / max açık / Kelly)
⚠️  SXPUSDT: compute_stake=0 (sermaye / max açık / Kelly)
⚠️  PENDLEUSDT: compute_stake=0 (sermaye / max açık / Kelly)
⚠️  NEIROUSDT: compute_stake=0 (sermaye / max açık / Kelly)
  ✓ Borsa kapanış NAORISUSDT TP qty=35281.0
✅ Closed #33: NAORISUSDT | $2.61
  ✓ Borsa emri #143595829 SHORT RDNTUSDT 3x qty=241142.0
✅ SHORT RDNTUSDT @ $0.00 | 3x | stake=$250 | kelly_raw=$0 | score=0.77
🤖 Demo emir: RDNTUSDT SHORT Δ-4.81%
⚠️  SLERFUSDT: compute_stake=0 (sermaye / max açık / Kelly)
⚠️  YALAUSDT: compute_stake=0 (sermaye / max açık / Kelly)
⚠️  SXPUSDT: compute_stake=0 (sermaye / max açık / Kelly)
⚠️  REIUSDT: compute_stake=0 (sermaye / max açık / Kelly)
⚠️  VINEUSDT: compute_stake=0 (sermaye / max açık / Kelly)
⚠️  SWELLUSDT: compute_stake=0 (sermaye / max açık / Kelly)
⚠️  ZKJUSDT: compute_stake=0 (sermaye / max açık / Kelly)
⚠️  SKATEUSDT: compute_stake=0 (sermaye / max açık / Kelly)
  ⛔ Borsa kapanış başarısız PROMPTUSDT: Binance 400: {"code":-1021,"msg":"Timestamp for this request is outside of the recvWindow."}
  ✓ Borsa kapanış XPINUSDT TP qty=604512.0
✅ Closed #30: XPINUSDT | $1.09
  ✓ Borsa kapanış RDNTUSDT SL-EMERGENCY qty=241142.0
✅ Closed #34: RDNTUSDT | $-36.82
  ⛔ Borsa açılış başarısız SXPUSDT: Binance 400: {"code":-4131,"msg":"The counterparty's best price does not meet the PERCENT_PRICE filter limit."}
  ✓ Borsa emri #205736143 SHORT SWELLUSDT 3x qty=491204.0
✅ SHORT SWELLUSDT @ $0.00 | 3x | stake=$250 | kelly_raw=$0 | score=0.61
🤖 Demo emir: SWELLUSDT SHORT Δ-0.44%
  ✓ Borsa emri #41206972 LONG TRIAUSDT 3x qty=27665.0
✅ LONG TRIAUSDT @ $0.04 | 3x | stake=$407 | kelly_raw=$1000 | score=0.60
🤖 Demo emir: TRIAUSDT LONG Δ+0.38%
⚠️  VELODROMEUSDT: compute_stake=0 (sermaye / max açık / Kelly)
⚠️  SPORTFUNUSDT: compute_stake=0 (sermaye / max açık / Kelly)
⚠️  UBUSDT: compute_stake=0 (sermaye / max açık / Kelly)
  ✓ Borsa kapanış TRIAUSDT TP qty=27665.0
✅ Closed #36: TRIAUSDT | $2.11
  ✓ Borsa emri #366883496 SHORT SXPUSDT 3x qty=852893.0
✅ SHORT SXPUSDT @ $0.00 | 3x | stake=$250 | kelly_raw=$0 | score=0.69
🤖 Demo emir: SXPUSDT SHORT Δ-0.97%
⚠️  WLFIUSDT: compute_stake=0 (sermaye / max açık / Kelly)
⚠️  VICUSDT: compute_stake=0 (sermaye / max açık / Kelly)
⚠️  VELODROMEUSDT: compute_stake=0 (sermaye / max açık / Kelly)
  ⚠ SXPUSDT: kapanış emri gönderildi, pozisyon kısmen açık kalabilir
✅ Closed #37: SXPUSDT | $19.00
  ✓ Borsa emri #167025972 LONG WLFIUSDT 3x qty=18997.0
✅ LONG WLFIUSDT @ $0.06 | 3x | stake=$406 | kelly_raw=$1000 | score=0.60
🤖 Demo emir: WLFIUSDT LONG Δ+0.40%
⚠️  VICUSDT: compute_stake=0 (sermaye / max açık / Kelly)
⚠️  VELODROMEUSDT: compute_stake=0 (sermaye / max açık / Kelly)
  ✓ Borsa kapanış WLFIUSDT TP qty=18997.0
✅ Closed #38: WLFIUSDT | $2.25
  ✓ Borsa emri #93199215 LONG TREEUSDT 3x qty=19391.0
✅ LONG TREEUSDT @ $0.06 | 3x | stake=$406 | kelly_raw=$1000 | score=0.62
🤖 Demo emir: TREEUSDT LONG Δ+0.56%
⚠️  VICUSDT: compute_stake=0 (sermaye / max açık / Kelly)
⚠️  VELODROMEUSDT: compute_stake=0 (sermaye / max açık / Kelly)
  ✓ Borsa kapanış TREEUSDT TP qty=19391.0
✅ Closed #39: TREEUSDT | $4.35
  ✓ Borsa emri #95619456 LONG VICUSDT 3x qty=20717.0
✅ LONG VICUSDT @ $0.06 | 3x | stake=$406 | kelly_raw=$1000 | score=0.60
🤖 Demo emir: VICUSDT LONG Δ+0.38%
⚠️  UNIUSDT: compute_stake=0 (sermaye / max açık / Kelly)
⚠️  VELODROMEUSDT: compute_stake=0 (sermaye / max açık / Kelly)
⚠️  VELODROMEUSDT: compute_stake=0 (sermaye / max açık / Kelly)
⚠️  UNIUSDT: compute_stake=0 (sermaye / max açık / Kelly)
⚠️  VELODROMEUSDT: compute_stake=0 (sermaye / max açık / Kelly)
⚠️  UNIUSDT: compute_stake=0 (sermaye / max açık / Kelly)
⚠️  VELODROMEUSDT: compute_stake=0 (sermaye / max açık / Kelly)
⚠️  TAUSDT: compute_stake=0 (sermaye / max açık / Kelly)
⚠️  XVSUSDT: compute_stake=0 (sermaye / max açık / Kelly)
⚠️  YALAUSDT: compute_stake=0 (sermaye / max açık / Kelly)
⚠️  VINEUSDT: compute_stake=0 (sermaye / max açık / Kelly)
⚠️  ZKJUSDT: compute_stake=0 (sermaye / max açık / Kelly)
⚠️  VELODROMEUSDT: compute_stake=0 (sermaye / max açık / Kelly)
⚠️  PUMPBTCUSDT: compute_stake=0 (sermaye / max açık / Kelly)
⚠️  PONKEUSDT: compute_stake=0 (sermaye / max açık / Kelly)
⚠️  PUMPBTCUSDT: compute_stake=0 (sermaye / max açık / Kelly)
⚠️  PONKEUSDT: compute_stake=0 (sermaye / max açık / Kelly)
⚠️  PUMPBTCUSDT: compute_stake=0 (sermaye / max açık / Kelly)
⚠️  HUSDT: compute_stake=0 (sermaye / max açık / Kelly)
⚠️  LABUSDT: compute_stake=0 (sermaye / max açık / Kelly)
⚠️  PONKEUSDT: compute_stake=0 (sermaye / max açık / Kelly)
⚠️  BROCCOLIF3BUSDT: compute_stake=0 (sermaye / max açık / Kelly)
⚠️  FIDAUSDT: compute_stake=0 (sermaye / max açık / Kelly)
⚠️  HUSDT: compute_stake=0 (sermaye / max açık / Kelly)
⚠️  LABUSDT: compute_stake=0 (sermaye / max açık / Kelly)
⚠️  GUAUSDT: compute_stake=0 (sermaye / max açık / Kelly)
⚠️  DRIFTUSDT: compute_stake=0 (sermaye / max açık / Kelly)
⚠️  LABUSDT: compute_stake=0 (sermaye / max açık / Kelly)
⚠️  CLANKERUSDT: compute_stake=0 (sermaye / max açık / Kelly)
⚠️  AVAAIUSDT: compute_stake=0 (sermaye / max açık / Kelly)
⚠️  GUAUSDT: compute_stake=0 (sermaye / max açık / Kelly)
⚠️  PENDLEUSDT: compute_stake=0 (sermaye / max açık / Kelly)
⚠️  DRIFTUSDT: compute_stake=0 (sermaye / max açık / Kelly)
⚠️  AIUSDT: compute_stake=0 (sermaye / max açık / Kelly)
⚠️  CLANKERUSDT: compute_stake=0 (sermaye / max açık / Kelly)
⚠️  LABUSDT: compute_stake=0 (sermaye / max açık / Kelly)
⚠️  GUAUSDT: compute_stake=0 (sermaye / max açık / Kelly)
⚠️  PENDLEUSDT: compute_stake=0 (sermaye / max açık / Kelly)
⚠️  DRIFTUSDT: compute_stake=0 (sermaye / max açık / Kelly)
⚠️  LABUSDT: compute_stake=0 (sermaye / max açık / Kelly)
⚠️  CLANKERUSDT: compute_stake=0 (sermaye / max açık / Kelly)
⚠️  PONKEUSDT: compute_stake=0 (sermaye / max açık / Kelly)
⚠️  PENDLEUSDT: compute_stake=0 (sermaye / max açık / Kelly)
⚠️  GUAUSDT: compute_stake=0 (sermaye / max açık / Kelly)
⚠️  DRIFTUSDT: compute_stake=0 (sermaye / max açık / Kelly)
⚠️  AIUSDT: compute_stake=0 (sermaye / max açık / Kelly)
⚠️  LABUSDT: compute_stake=0 (sermaye / max açık / Kelly)
⚠️  CLANKERUSDT: compute_stake=0 (sermaye / max açık / Kelly)
⚠️  PONKEUSDT: compute_stake=0 (sermaye / max açık / Kelly)
⚠️  PENDLEUSDT: compute_stake=0 (sermaye / max açık / Kelly)
  ✓ Borsa kapanış PROMPTUSDT SL-EMERGENCY qty=19334.0
✅ Closed #22: PROMPTUSDT | $-9.01
  ✓ Borsa emri #191574342 SHORT LABUSDT 3x qty=174.4
✅ SHORT LABUSDT @ $4.30 | 3x | stake=$250 | kelly_raw=$0 | score=0.65
🤖 Demo emir: LABUSDT SHORT Δ-0.76%
⚠️  FIDAUSDT: compute_stake=0 (sermaye / max açık / Kelly)
⚠️  PENDLEUSDT: compute_stake=0 (sermaye / max açık / Kelly)
⚠️  PONKEUSDT: compute_stake=0 (sermaye / max açık / Kelly)
⚠️  FIDAUSDT: compute_stake=0 (sermaye / max açık / Kelly)
⚠️  PONKEUSDT: compute_stake=0 (sermaye / max açık / Kelly)
⚠️  PONKEUSDT: compute_stake=0 (sermaye / max açık / Kelly)
⚠️  WIFUSDT: compute_stake=0 (sermaye / max açık / Kelly)
⚠️  PONKEUSDT: compute_stake=0 (sermaye / max açık / Kelly)
⚠️  WIFUSDT: compute_stake=0 (sermaye / max açık / Kelly)
⚠️  PONKEUSDT: compute_stake=0 (sermaye / max açık / Kelly)
⚠️  INJUSDT: compute_stake=0 (sermaye / max açık / Kelly)
⚠️  GUAUSDT: compute_stake=0 (sermaye / max açık / Kelly)
⚠️  WIFUSDT: compute_stake=0 (sermaye / max açık / Kelly)
⚠️  RENDERUSDT: compute_stake=0 (sermaye / max açık / Kelly)
⚠️  WIFUSDT: compute_stake=0 (sermaye / max açık / Kelly)
⚠️  RENDERUSDT: compute_stake=0 (sermaye / max açık / Kelly)
⚠️  INJUSDT: compute_stake=0 (sermaye / max açık / Kelly)
⚠️  WIFUSDT: compute_stake=0 (sermaye / max açık / Kelly)
⚠️  INJUSDT: compute_stake=0 (sermaye / max açık / Kelly)
⚠️  WIFUSDT: compute_stake=0 (sermaye / max açık / Kelly)
⚠️  GTCUSDT: compute_stake=0 (sermaye / max açık / Kelly)
⚠️  FIDAUSDT: compute_stake=0 (sermaye / max açık / Kelly)
⚠️  COSUSDT: compute_stake=0 (sermaye / max açık / Kelly)
⚠️  INJUSDT: compute_stake=0 (sermaye / max açık / Kelly)
⚠️  GUAUSDT: compute_stake=0 (sermaye / max açık / Kelly)
⚠️  ATAUSDT: compute_stake=0 (sermaye / max açık / Kelly)
⚠️  GTCUSDT: compute_stake=0 (sermaye / max açık / Kelly)
⚠️  GUAUSDT: compute_stake=0 (sermaye / max açık / Kelly)
⚠️  ATAUSDT: compute_stake=0 (sermaye / max açık / Kelly)
⚠️  GTCUSDT: compute_stake=0 (sermaye / max açık / Kelly)
⚠️  GTCUSDT: compute_stake=0 (sermaye / max açık / Kelly)
⚠️  GUAUSDT: compute_stake=0 (sermaye / max açık / Kelly)
⚠️  GUAUSDT: compute_stake=0 (sermaye / max açık / Kelly)
⚠️  ATAUSDT: compute_stake=0 (sermaye / max açık / Kelly)
⚠️  ATAUSDT: compute_stake=0 (sermaye / max açık / Kelly)
⚠️  TRUUSDT: compute_stake=0 (sermaye / max açık / Kelly)
⚠️  GTCUSDT: compute_stake=0 (sermaye / max açık / Kelly)
⚠️  PONKEUSDT: compute_stake=0 (sermaye / max açık / Kelly)
⚠️  GUAUSDT: compute_stake=0 (sermaye / max açık / Kelly)
⚠️  ATAUSDT: compute_stake=0 (sermaye / max açık / Kelly)
⚠️  TRUUSDT: compute_stake=0 (sermaye / max açık / Kelly)
⚠️  GTCUSDT: compute_stake=0 (sermaye / max açık / Kelly)
⚠️  PONKEUSDT: compute_stake=0 (sermaye / max açık / Kelly)
⚠️  GUAUSDT: compute_stake=0 (sermaye / max açık / Kelly)
⚠️  ATAUSDT: compute_stake=0 (sermaye / max açık / Kelly)
⚠️  ATAUSDT: compute_stake=0 (sermaye / max açık / Kelly)
⚠️  TRUUSDT: compute_stake=0 (sermaye / max açık / Kelly)
⚠️  TRUUSDT: compute_stake=0 (sermaye / max açık / Kelly)
⚠️  PONKEUSDT: compute_stake=0 (sermaye / max açık / Kelly)
⚠️  PONKEUSDT: compute_stake=0 (sermaye / max açık / Kelly)
⚠️  ATAUSDT: compute_stake=0 (sermaye / max açık / Kelly)
⚠️  TRUUSDT: compute_stake=0 (sermaye / max açık / Kelly)
⚠️  TRUUSDT: compute_stake=0 (sermaye / max açık / Kelly)
⚠️  PONKEUSDT: compute_stake=0 (sermaye / max açık / Kelly)
⚠️  PONKEUSDT: compute_stake=0 (sermaye / max açık / Kelly)
⚠️  JTOUSDT: compute_stake=0 (sermaye / max açık / Kelly)
⚠️  TRUUSDT: compute_stake=0 (sermaye / max açık / Kelly)
⚠️  TRUUSDT: compute_stake=0 (sermaye / max açık / Kelly)
⚠️  PONKEUSDT: compute_stake=0 (sermaye / max açık / Kelly)
⚠️  JTOUSDT: compute_stake=0 (sermaye / max açık / Kelly)
⚠️  TRUUSDT: compute_stake=0 (sermaye / max açık / Kelly)
⚠️  TRUUSDT: compute_stake=0 (sermaye / max açık / Kelly)
⚠️  PONKEUSDT: compute_stake=0 (sermaye / max açık / Kelly)
⚠️  JTOUSDT: compute_stake=0 (sermaye / max açık / Kelly)
⚠️  TRUUSDT: compute_stake=0 (sermaye / max açık / Kelly)
⚠️  JTOUSDT: compute_stake=0 (sermaye / max açık / Kelly)
⚠️  BBUSDT: compute_stake=0 (sermaye / max açık / Kelly)
⚠️  PONKEUSDT: compute_stake=0 (sermaye / max açık / Kelly)
⚠️  OBOLUSDT: compute_stake=0 (sermaye / max açık / Kelly)
⚠️  GUAUSDT: compute_stake=0 (sermaye / max açık / Kelly)
⚠️  DRIFTUSDT: compute_stake=0 (sermaye / max açık / Kelly)
⚠️  TRUUSDT: compute_stake=0 (sermaye / max açık / Kelly)
⚠️  JTOUSDT: compute_stake=0 (sermaye / max açık / Kelly)
⚠️  BBUSDT: compute_stake=0 (sermaye / max açık / Kelly)
⚠️  PONKEUSDT: compute_stake=0 (sermaye / max açık / Kelly)
⚠️  OBOLUSDT: compute_stake=0 (sermaye / max açık / Kelly)
⚠️  GUAUSDT: compute_stake=0 (sermaye / max açık / Kelly)
⚠️  DRIFTUSDT: compute_stake=0 (sermaye / max açık / Kelly)
⚠️  TRUUSDT: compute_stake=0 (sermaye / max açık / Kelly)
⚠️  JTOUSDT: compute_stake=0 (sermaye / max açık / Kelly)
⚠️  BBUSDT: compute_stake=0 (sermaye / max açık / Kelly)
⚠️  PONKEUSDT: compute_stake=0 (sermaye / max açık / Kelly)
⚠️  OBOLUSDT: compute_stake=0 (sermaye / max açık / Kelly)
⚠️  GUAUSDT: compute_stake=0 (sermaye / max açık / Kelly)
⚠️  DRIFTUSDT: compute_stake=0 (sermaye / max açık / Kelly)
⚠️  ATAUSDT: compute_stake=0 (sermaye / max açık / Kelly)
⚠️  TRUUSDT: compute_stake=0 (sermaye / max açık / Kelly)
⚠️  BBUSDT: compute_stake=0 (sermaye / max açık / Kelly)
⚠️  GUAUSDT: compute_stake=0 (sermaye / max açık / Kelly)
⚠️  ALPINEUSDT: compute_stake=0 (sermaye / max açık / Kelly)
⚠️  PONKEUSDT: compute_stake=0 (sermaye / max açık / Kelly)
⚠️  JTOUSDT: compute_stake=0 (sermaye / max açık / Kelly)
⚠️  INJUSDT: compute_stake=0 (sermaye / max açık / Kelly)
⚠️  ATAUSDT: compute_stake=0 (sermaye / max açık / Kelly)
⚠️  BBUSDT: compute_stake=0 (sermaye / max açık / Kelly)
⚠️  GUAUSDT: compute_stake=0 (sermaye / max açık / Kelly)
⚠️  OBOLUSDT: compute_stake=0 (sermaye / max açık / Kelly)
⚠️  DRIFTUSDT: compute_stake=0 (sermaye / max açık / Kelly)
⚠️  JTOUSDT: compute_stake=0 (sermaye / max açık / Kelly)
⚠️  FIDAUSDT: compute_stake=0 (sermaye / max açık / Kelly)
⚠️  INJUSDT: compute_stake=0 (sermaye / max açık / Kelly)
⚠️  ATAUSDT: compute_stake=0 (sermaye / max açık / Kelly)
⚠️  BBUSDT: compute_stake=0 (sermaye / max açık / Kelly)
⚠️  GUAUSDT: compute_stake=0 (sermaye / max açık / Kelly)
⚠️  OBOLUSDT: compute_stake=0 (sermaye / max açık / Kelly)
⚠️  DRIFTUSDT: compute_stake=0 (sermaye / max açık / Kelly)
⚠️  JTOUSDT: compute_stake=0 (sermaye / max açık / Kelly)
⚠️  FIDAUSDT: compute_stake=0 (sermaye / max açık / Kelly)
⚠️  INJUSDT: compute_stake=0 (sermaye / max açık / Kelly)
⚠️  BBUSDT: compute_stake=0 (sermaye / max açık / Kelly)
⚠️  GUAUSDT: compute_stake=0 (sermaye / max açık / Kelly)
⚠️  OBOLUSDT: compute_stake=0 (sermaye / max açık / Kelly)
⚠️  ALPINEUSDT: compute_stake=0 (sermaye / max açık / Kelly)
⚠️  FIDAUSDT: compute_stake=0 (sermaye / max açık / Kelly)
⚠️  PONKEUSDT: compute_stake=0 (sermaye / max açık / Kelly)
⚠️  DRIFTUSDT: compute_stake=0 (sermaye / max açık / Kelly)
⚠️  OBOLUSDT: compute_stake=0 (sermaye / max açık / Kelly)
⚠️  GUAUSDT: compute_stake=0 (sermaye / max açık / Kelly)
⚠️  BBUSDT: compute_stake=0 (sermaye / max açık / Kelly)
⚠️  DRIFTUSDT: compute_stake=0 (sermaye / max açık / Kelly)
⚠️  FIDAUSDT: compute_stake=0 (sermaye / max açık / Kelly)
⚠️  PONKEUSDT: compute_stake=0 (sermaye / max açık / Kelly)
⚠️  OBOLUSDT: compute_stake=0 (sermaye / max açık / Kelly)
⚠️  GUAUSDT: compute_stake=0 (sermaye / max açık / Kelly)
⚠️  BBUSDT: compute_stake=0 (sermaye / max açık / Kelly)
⚠️  DRIFTUSDT: compute_stake=0 (sermaye / max açık / Kelly)
⚠️  FIDAUSDT: compute_stake=0 (sermaye / max açık / Kelly)
⚠️  PONKEUSDT: compute_stake=0 (sermaye / max açık / Kelly)
⚠️  DRIFTUSDT: compute_stake=0 (sermaye / max açık / Kelly)
⚠️  PONKEUSDT: compute_stake=0 (sermaye / max açık / Kelly)
⚠️  FIDAUSDT: compute_stake=0 (sermaye / max açık / Kelly)
⚠️  PONKEUSDT: compute_stake=0 (sermaye / max açık / Kelly)
⚠️  INJUSDT: compute_stake=0 (sermaye / max açık / Kelly)
⚠️  FIDAUSDT: compute_stake=0 (sermaye / max açık / Kelly)
⚠️  PONKEUSDT: compute_stake=0 (sermaye / max açık / Kelly)
⚠️  INJUSDT: compute_stake=0 (sermaye / max açık / Kelly)
⚠️  OBOLUSDT: compute_stake=0 (sermaye / max açık / Kelly)
⚠️  PONKEUSDT: compute_stake=0 (sermaye / max açık / Kelly)
⚠️  FIDAUSDT: compute_stake=0 (sermaye / max açık / Kelly)
⚠️  ZECUSDT: compute_stake=0 (sermaye / max açık / Kelly)
⚠️  PENGUUSDT: compute_stake=0 (sermaye / max açık / Kelly)
⚠️  MUSDT: compute_stake=0 (sermaye / max açık / Kelly)
⚠️  OBOLUSDT: compute_stake=0 (sermaye / max açık / Kelly)
⚠️  SQDUSDT: compute_stake=0 (sermaye / max açık / Kelly)
⚠️  PENGUUSDT: compute_stake=0 (sermaye / max açık / Kelly)
⚠️  ZECUSDT: compute_stake=0 (sermaye / max açık / Kelly)
⚠️  OBOLUSDT: compute_stake=0 (sermaye / max açık / Kelly)
⚠️  PENGUUSDT: compute_stake=0 (sermaye / max açık / Kelly)
⚠️  SQDUSDT: compute_stake=0 (sermaye / max açık / Kelly)
⚠️  ZECUSDT: compute_stake=0 (sermaye / max açık / Kelly)
⚠️  ZILUSDT: compute_stake=0 (sermaye / max açık / Kelly)
⚠️  OBOLUSDT: compute_stake=0 (sermaye / max açık / Kelly)
⚠️  ZECUSDT: compute_stake=0 (sermaye / max açık / Kelly)
⚠️  SQDUSDT: compute_stake=0 (sermaye / max açık / Kelly)
⚠️  WIFUSDT: compute_stake=0 (sermaye / max açık / Kelly)
⚠️  OBOLUSDT: compute_stake=0 (sermaye / max açık / Kelly)
⚠️  ZECUSDT: compute_stake=0 (sermaye / max açık / Kelly)
⚠️  WIFUSDT: compute_stake=0 (sermaye / max açık / Kelly)
⚠️  OBOLUSDT: compute_stake=0 (sermaye / max açık / Kelly)
⚠️  ZECUSDT: compute_stake=0 (sermaye / max açık / Kelly)
⚠️  WIFUSDT: compute_stake=0 (sermaye / max açık / Kelly)
⚠️  OBOLUSDT: compute_stake=0 (sermaye / max açık / Kelly)
⚠️  ZECUSDT: compute_stake=0 (sermaye / max açık / Kelly)
⚠️  MAGMAUSDT: compute_stake=0 (sermaye / max açık / Kelly)
⚠️  PENGUUSDT: compute_stake=0 (sermaye / max açık / Kelly)
⚠️  WIFUSDT: compute_stake=0 (sermaye / max açık / Kelly)
⚠️  SQDUSDT: compute_stake=0 (sermaye / max açık / Kelly)
INFO:     connection closed
⚠️  SLERFUSDT: compute_stake=0 (sermaye / max açık / Kelly)
⚠️  YALAUSDT: compute_stake=0 (sermaye / max açık / Kelly)
⚠️  TRUUSDT: compute_stake=0 (sermaye / max açık / Kelly)
⚠️  VINEUSDT: compute_stake=0 (sermaye / max açık / Kelly)
⚠️  ZKJUSDT: compute_stake=0 (sermaye / max açık / Kelly)
⚠️  SKATEUSDT: compute_stake=0 (sermaye / max açık / Kelly)
⚠️  TUSDT: compute_stake=0 (sermaye / max açık / Kelly)
⚠️  STRKUSDT: compute_stake=0 (sermaye / max açık / Kelly)
⚠️  SQDUSDT: compute_stake=0 (sermaye / max açık / Kelly)
⚠️  ZECUSDT: compute_stake=0 (sermaye / max açık / Kelly)
⚠️  PONKEUSDT: compute_stake=0 (sermaye / max açık / Kelly)
⚠️  ZECUSDT: compute_stake=0 (sermaye / max açık / Kelly)
⚠️  SPACEUSDT: compute_stake=0 (sermaye / max açık / Kelly)
⚠️  SQDUSDT: compute_stake=0 (sermaye / max açık / Kelly)
⚠️  ZENUSDT: compute_stake=0 (sermaye / max açık / Kelly)
⚠️  OBOLUSDT: compute_stake=0 (sermaye / max açık / Kelly)
⚠️  PONKEUSDT: compute_stake=0 (sermaye / max açık / Kelly)
⚠️  MEGAUSDT: compute_stake=0 (sermaye / max açık / Kelly)
⚠️  WUSDT: compute_stake=0 (sermaye / max açık / Kelly)
⚠️  SPACEUSDT: compute_stake=0 (sermaye / max açık / Kelly)
⚠️  ONDOUSDT: compute_stake=0 (sermaye / max açık / Kelly)
⚠️  HUSDT: compute_stake=0 (sermaye / max açık / Kelly)
⚠️  MAGMAUSDT: compute_stake=0 (sermaye / max açık / Kelly)
⚠️  PONKEUSDT: compute_stake=0 (sermaye / max açık / Kelly)
⚠️  WUSDT: compute_stake=0 (sermaye / max açık / Kelly)
⚠️  MEGAUSDT: compute_stake=0 (sermaye / max açık / Kelly)
⚠️  SPACEUSDT: compute_stake=0 (sermaye / max açık / Kelly)
⚠️  ONDOUSDT: compute_stake=0 (sermaye / max açık / Kelly)
⚠️  HUSDT: compute_stake=0 (sermaye / max açık / Kelly)
⚠️  SPACEUSDT: compute_stake=0 (sermaye / max açık / Kelly)
⚠️  MAGMAUSDT: compute_stake=0 (sermaye / max açık / Kelly)
⚠️  PONKEUSDT: compute_stake=0 (sermaye / max açık / Kelly)
⚠️  MEGAUSDT: compute_stake=0 (sermaye / max açık / Kelly)
⚠️  HANAUSDT: compute_stake=0 (sermaye / max açık / Kelly)
⚠️  ONDOUSDT: compute_stake=0 (sermaye / max açık / Kelly)
⚠️  HUSDT: compute_stake=0 (sermaye / max açık / Kelly)
⚠️  GUAUSDT: compute_stake=0 (sermaye / max açık / Kelly)
⚠️  SPACEUSDT: compute_stake=0 (sermaye / max açık / Kelly)
⚠️  PONKEUSDT: compute_stake=0 (sermaye / max açık / Kelly)
⚠️  MEGAUSDT: compute_stake=0 (sermaye / max açık / Kelly)
⚠️  HANAUSDT: compute_stake=0 (sermaye / max açık / Kelly)
⚠️  HUSDT: compute_stake=0 (sermaye / max açık / Kelly)
⚠️  SPACEUSDT: compute_stake=0 (sermaye / max açık / Kelly)
⚠️  PONKEUSDT: compute_stake=0 (sermaye / max açık / Kelly)
⚠️  MEGAUSDT: compute_stake=0 (sermaye / max açık / Kelly)
⚠️  INJUSDT: compute_stake=0 (sermaye / max açık / Kelly)
⚠️  HUSDT: compute_stake=0 (sermaye / max açık / Kelly)
⚠️  SPACEUSDT: compute_stake=0 (sermaye / max açık / Kelly)
⚠️  PONKEUSDT: compute_stake=0 (sermaye / max açık / Kelly)
⚠️  MEGAUSDT: compute_stake=0 (sermaye / max açık / Kelly)
⚠️  INJUSDT: compute_stake=0 (sermaye / max açık / Kelly)
⚠️  SPACEUSDT: compute_stake=0 (sermaye / max açık / Kelly)
⚠️  PONKEUSDT: compute_stake=0 (sermaye / max açık / Kelly)
⚠️  MEGAUSDT: compute_stake=0 (sermaye / max açık / Kelly)
⚠️  YALAUSDT: compute_stake=0 (sermaye / max açık / Kelly)
⚠️  TRUUSDT: compute_stake=0 (sermaye / max açık / Kelly)
⚠️  VINEUSDT: compute_stake=0 (sermaye / max açık / Kelly)
⚠️  SPACEUSDT: compute_stake=0 (sermaye / max açık / Kelly)
⚠️  ZKJUSDT: compute_stake=0 (sermaye / max açık / Kelly)
⚠️  SPXUSDT: compute_stake=0 (sermaye / max açık / Kelly)
⚠️  INJUSDT: compute_stake=0 (sermaye / max açık / Kelly)
⚠️  SPACEUSDT: compute_stake=0 (sermaye / max açık / Kelly)
⚠️  HUSDT: compute_stake=0 (sermaye / max açık / Kelly)
⚠️  MLNUSDT: compute_stake=0 (sermaye / max açık / Kelly)
⚠️  JTOUSDT: compute_stake=0 (sermaye / max açık / Kelly)
⚠️  WUSDT: compute_stake=0 (sermaye / max açık / Kelly)
⚠️  SPORTFUNUSDT: compute_stake=0 (sermaye / max açık / Kelly)
⚠️  SPACEUSDT: compute_stake=0 (sermaye / max açık / Kelly)
⚠️  INJUSDT: compute_stake=0 (sermaye / max açık / Kelly)
⚠️  MLNUSDT: compute_stake=0 (sermaye / max açık / Kelly)
⚠️  JTOUSDT: compute_stake=0 (sermaye / max açık / Kelly)
⚠️  NIGHTUSDT: compute_stake=0 (sermaye / max açık / Kelly)
⚠️  WUSDT: compute_stake=0 (sermaye / max açık / Kelly)
⚠️  SPORTFUNUSDT: compute_stake=0 (sermaye / max açık / Kelly)
⚠️  SPACEUSDT: compute_stake=0 (sermaye / max açık / Kelly)
⚠️  INJUSDT: compute_stake=0 (sermaye / max açık / Kelly)
⚠️  MLNUSDT: compute_stake=0 (sermaye / max açık / Kelly)
⚠️  JTOUSDT: compute_stake=0 (sermaye / max açık / Kelly)
⚠️  NIGHTUSDT: compute_stake=0 (sermaye / max açık / Kelly)
⚠️  WUSDT: compute_stake=0 (sermaye / max açık / Kelly)
⚠️  SPORTFUNUSDT: compute_stake=0 (sermaye / max açık / Kelly)
⚠️  MLNUSDT: compute_stake=0 (sermaye / max açık / Kelly)
⚠️  INJUSDT: compute_stake=0 (sermaye / max açık / Kelly)
⚠️  DEXEUSDT: compute_stake=0 (sermaye / max açık / Kelly)
⚠️  SPORTFUNUSDT: compute_stake=0 (sermaye / max açık / Kelly)
⚠️  SPORTFUNUSDT: compute_stake=0 (sermaye / max açık / Kelly)
⚠️  MLNUSDT: compute_stake=0 (sermaye / max açık / Kelly)
⚠️  INJUSDT: compute_stake=0 (sermaye / max açık / Kelly)
⚠️  DEXEUSDT: compute_stake=0 (sermaye / max açık / Kelly)
⚠️  SPORTFUNUSDT: compute_stake=0 (sermaye / max açık / Kelly)
⚠️  SPORTFUNUSDT: compute_stake=0 (sermaye / max açık / Kelly)
⚠️  MLNUSDT: compute_stake=0 (sermaye / max açık / Kelly)
⚠️  SPORTFUNUSDT: compute_stake=0 (sermaye / max açık / Kelly)
⚠️  DEXEUSDT: compute_stake=0 (sermaye / max açık / Kelly)
⚠️  MLNUSDT: compute_stake=0 (sermaye / max açık / Kelly)
⚠️  BELUSDT: compute_stake=0 (sermaye / max açık / Kelly)
⚠️  SPORTFUNUSDT: compute_stake=0 (sermaye / max açık / Kelly)
⚠️  MLNUSDT: compute_stake=0 (sermaye / max açık / Kelly)
⚠️  DEXEUSDT: compute_stake=0 (sermaye / max açık / Kelly)
⚠️  AKTUSDT: compute_stake=0 (sermaye / max açık / Kelly)
⚠️  BELUSDT: compute_stake=0 (sermaye / max açık / Kelly)
⚠️  SPORTFUNUSDT: compute_stake=0 (sermaye / max açık / Kelly)
⚠️  SPORTFUNUSDT: compute_stake=0 (sermaye / max açık / Kelly)
⚠️  DEXEUSDT: compute_stake=0 (sermaye / max açık / Kelly)
⚠️  SPORTFUNUSDT: compute_stake=0 (sermaye / max açık / Kelly)
⚠️  DEXEUSDT: compute_stake=0 (sermaye / max açık / Kelly)
⚠️  SPORTFUNUSDT: compute_stake=0 (sermaye / max açık / Kelly)
⚠️  AKTUSDT: compute_stake=0 (sermaye / max açık / Kelly)
INFO:     127.0.0.1:64311 - "WebSocket /ws" [accepted]
INFO:     connection open
⚠️  DEXEUSDT: compute_stake=0 (sermaye / max açık / Kelly)
⚠️  DEXEUSDT: compute_stake=0 (sermaye / max açık / Kelly)
⚠️  SPORTFUNUSDT: compute_stake=0 (sermaye / max açık / Kelly)
⚠️  AKTUSDT: compute_stake=0 (sermaye / max açık / Kelly)
⚠️  AKTUSDT: compute_stake=0 (sermaye / max açık / Kelly)
⚠️  DEXEUSDT: compute_stake=0 (sermaye / max açık / Kelly)
⚠️  DEXEUSDT: compute_stake=0 (sermaye / max açık / Kelly)
⚠️  SPORTFUNUSDT: compute_stake=0 (sermaye / max açık / Kelly)
⚠️  AKTUSDT: compute_stake=0 (sermaye / max açık / Kelly)
⚠️  AKTUSDT: compute_stake=0 (sermaye / max açık / Kelly)
⚠️  DEXEUSDT: compute_stake=0 (sermaye / max açık / Kelly)
⚠️  SPORTFUNUSDT: compute_stake=0 (sermaye / max açık / Kelly)
⚠️  SPACEUSDT: compute_stake=0 (sermaye / max açık / Kelly)
⚠️  AKTUSDT: compute_stake=0 (sermaye / max açık / Kelly)
⚠️  HUSDT: compute_stake=0 (sermaye / max açık / Kelly)
⚠️  SPACEUSDT: compute_stake=0 (sermaye / max açık / Kelly)
⚠️  SPACEUSDT: compute_stake=0 (sermaye / max açık / Kelly)
⚠️  APRUSDT: compute_stake=0 (sermaye / max açık / Kelly)
⚠️  AIUSDT: compute_stake=0 (sermaye / max açık / Kelly)
⚠️  HUSDT: compute_stake=0 (sermaye / max açık / Kelly)
⚠️  SPACEUSDT: compute_stake=0 (sermaye / max açık / Kelly)
⚠️  PONKEUSDT: compute_stake=0 (sermaye / max açık / Kelly)
⚠️  APRUSDT: compute_stake=0 (sermaye / max açık / Kelly)
⚠️  SPACEUSDT: compute_stake=0 (sermaye / max açık / Kelly)
⚠️  GUAUSDT: compute_stake=0 (sermaye / max açık / Kelly)
⚠️  AIUSDT: compute_stake=0 (sermaye / max açık / Kelly)
⚠️  PONKEUSDT: compute_stake=0 (sermaye / max açık / Kelly)
⚠️  APRUSDT: compute_stake=0 (sermaye / max açık / Kelly)
⚠️  SPACEUSDT: compute_stake=0 (sermaye / max açık / Kelly)
⚠️  GUAUSDT: compute_stake=0 (sermaye / max açık / Kelly)
⚠️  AIUSDT: compute_stake=0 (sermaye / max açık / Kelly)
⚠️  PONKEUSDT: compute_stake=0 (sermaye / max açık / Kelly)
⚠️  SPACEUSDT: compute_stake=0 (sermaye / max açık / Kelly)
⚠️  GUAUSDT: compute_stake=0 (sermaye / max açık / Kelly)
⚠️  BRUSDT: compute_stake=0 (sermaye / max açık / Kelly)
⚠️  PONKEUSDT: compute_stake=0 (sermaye / max açık / Kelly)
⚠️  GUAUSDT: compute_stake=0 (sermaye / max açık / Kelly)
⚠️  SPACEUSDT: compute_stake=0 (sermaye / max açık / Kelly)
⚠️  BRUSDT: compute_stake=0 (sermaye / max açık / Kelly)
⚠️  PLAYUSDT: compute_stake=0 (sermaye / max açık / Kelly)
⚠️  PONKEUSDT: compute_stake=0 (sermaye / max açık / Kelly)
⚠️  SPACEUSDT: compute_stake=0 (sermaye / max açık / Kelly)
⚠️  BRUSDT: compute_stake=0 (sermaye / max açık / Kelly)
⚠️  GUAUSDT: compute_stake=0 (sermaye / max açık / Kelly)
⚠️  FIGHTUSDT: compute_stake=0 (sermaye / max açık / Kelly)
⚠️  PLAYUSDT: compute_stake=0 (sermaye / max açık / Kelly)
⚠️  PONKEUSDT: compute_stake=0 (sermaye / max açık / Kelly)
⚠️  BRUSDT: compute_stake=0 (sermaye / max açık / Kelly)
⚠️  SPACEUSDT: compute_stake=0 (sermaye / max açık / Kelly)
⚠️  GUAUSDT: compute_stake=0 (sermaye / max açık / Kelly)
⚠️  PLAYUSDT: compute_stake=0 (sermaye / max açık / Kelly)
⚠️  FIGHTUSDT: compute_stake=0 (sermaye / max açık / Kelly)
⚠️  PONKEUSDT: compute_stake=0 (sermaye / max açık / Kelly)
⚠️  BRUSDT: compute_stake=0 (sermaye / max açık / Kelly)
⚠️  PLAYUSDT: compute_stake=0 (sermaye / max açık / Kelly)
⚠️  GUAUSDT: compute_stake=0 (sermaye / max açık / Kelly)
⚠️  FIGHTUSDT: compute_stake=0 (sermaye / max açık / Kelly)
⚠️  PONKEUSDT: compute_stake=0 (sermaye / max açık / Kelly)
⚠️  BRUSDT: compute_stake=0 (sermaye / max açık / Kelly)
⚠️  PONKEUSDT: compute_stake=0 (sermaye / max açık / Kelly)
⚠️  BRUSDT: compute_stake=0 (sermaye / max açık / Kelly)
⚠️  PLAYUSDT: compute_stake=0 (sermaye / max açık / Kelly)
⚠️  PONKEUSDT: compute_stake=0 (sermaye / max açık / Kelly)
⚠️  BRUSDT: compute_stake=0 (sermaye / max açık / Kelly)
⚠️  PLAYUSDT: compute_stake=0 (sermaye / max açık / Kelly)
⚠️  PONKEUSDT: compute_stake=0 (sermaye / max açık / Kelly)
⚠️  BRUSDT: compute_stake=0 (sermaye / max açık / Kelly)
⚠️  BRUSDT: compute_stake=0 (sermaye / max açık / Kelly)
⚠️  ONDOUSDT: compute_stake=0 (sermaye / max açık / Kelly)
⚠️  BRUSDT: compute_stake=0 (sermaye / max açık / Kelly)
⚠️  BRUSDT: compute_stake=0 (sermaye / max açık / Kelly)
⚠️  ONDOUSDT: compute_stake=0 (sermaye / max açık / Kelly)
⚠️  BRUSDT: compute_stake=0 (sermaye / max açık / Kelly)
⚠️  BRUSDT: compute_stake=0 (sermaye / max açık / Kelly)
⚠️  ONDOUSDT: compute_stake=0 (sermaye / max açık / Kelly)
⚠️  ATAUSDT: compute_stake=0 (sermaye / max açık / Kelly)
⚠️  BRUSDT: compute_stake=0 (sermaye / max açık / Kelly)
⚠️  ONDOUSDT: compute_stake=0 (sermaye / max açık / Kelly)
⚠️  PLAYUSDT: compute_stake=0 (sermaye / max açık / Kelly)
⚠️  AIUSDT: compute_stake=0 (sermaye / max açık / Kelly)
⚠️  ONDOUSDT: compute_stake=0 (sermaye / max açık / Kelly)
⚠️  ATAUSDT: compute_stake=0 (sermaye / max açık / Kelly)
⚠️  AIUSDT: compute_stake=0 (sermaye / max açık / Kelly)
⚠️  ONDOUSDT: compute_stake=0 (sermaye / max açık / Kelly)
⚠️  ATAUSDT: compute_stake=0 (sermaye / max açık / Kelly)
⚠️  AIUSDT: compute_stake=0 (sermaye / max açık / Kelly)
⚠️  ONDOUSDT: compute_stake=0 (sermaye / max açık / Kelly)
⚠️  ATAUSDT: compute_stake=0 (sermaye / max açık / Kelly)
⚠️  AIUSDT: compute_stake=0 (sermaye / max açık / Kelly)
⚠️  DODOXUSDT: compute_stake=0 (sermaye / max açık / Kelly)
  ✓ Borsa kapanış VICUSDT TP qty=20717.0
✅ Closed #40: VICUSDT | $1.81
  ✓ Borsa emri #166756636 LONG ONDOUSDT 3x qty=3003.0
✅ LONG ONDOUSDT @ $0.41 | 3x | stake=$406 | kelly_raw=$1000 | score=0.61
🤖 Demo emir: ONDOUSDT LONG Δ+0.48%
⚠️  AIUSDT: compute_stake=0 (sermaye / max açık / Kelly)
⚠️  DODOXUSDT: compute_stake=0 (sermaye / max açık / Kelly)
⚠️  SQDUSDT: compute_stake=0 (sermaye / max açık / Kelly)
⚠️  PLAYUSDT: compute_stake=0 (sermaye / max açık / Kelly)
⚠️  DEGENUSDT: compute_stake=0 (sermaye / max açık / Kelly)
⚠️  PONKEUSDT: compute_stake=0 (sermaye / max açık / Kelly)
⚠️  SQDUSDT: compute_stake=0 (sermaye / max açık / Kelly)
⚠️  NILUSDT: compute_stake=0 (sermaye / max açık / Kelly)
⚠️  PLAYUSDT: compute_stake=0 (sermaye / max açık / Kelly)
⚠️  DODOXUSDT: compute_stake=0 (sermaye / max açık / Kelly)
⚠️  ICXUSDT: compute_stake=0 (sermaye / max açık / Kelly)
⚠️  DEGENUSDT: compute_stake=0 (sermaye / max açık / Kelly)
INFO:     connection closed
⚠️  PONKEUSDT: compute_stake=0 (sermaye / max açık / Kelly)
⚠️  PLAYUSDT: compute_stake=0 (sermaye / max açık / Kelly)
⚠️  QUSDT: compute_stake=0 (sermaye / max açık / Kelly)
⚠️  ICXUSDT: compute_stake=0 (sermaye / max açık / Kelly)
⚠️  HOMEUSDT: compute_stake=0 (sermaye / max açık / Kelly)
⚠️  NILUSDT: compute_stake=0 (sermaye / max açık / Kelly)
⚠️  SQDUSDT: compute_stake=0 (sermaye / max açık / Kelly)
⚠️  PONKEUSDT: compute_stake=0 (sermaye / max açık / Kelly)
⚠️  PLAYUSDT: compute_stake=0 (sermaye / max açık / Kelly)
⚠️  QUSDT: compute_stake=0 (sermaye / max açık / Kelly)
⚠️  ICXUSDT: compute_stake=0 (sermaye / max açık / Kelly)
⚠️  HOMEUSDT: compute_stake=0 (sermaye / max açık / Kelly)
⚠️  PONKEUSDT: compute_stake=0 (sermaye / max açık / Kelly)
⚠️  PLAYUSDT: compute_stake=0 (sermaye / max açık / Kelly)
⚠️  QUSDT: compute_stake=0 (sermaye / max açık / Kelly)
⚠️  HOMEUSDT: compute_stake=0 (sermaye / max açık / Kelly)
⚠️  ICXUSDT: compute_stake=0 (sermaye / max açık / Kelly)
⚠️  PONKEUSDT: compute_stake=0 (sermaye / max açık / Kelly)
⚠️  QUSDT: compute_stake=0 (sermaye / max açık / Kelly)
⚠️  HOMEUSDT: compute_stake=0 (sermaye / max açık / Kelly)
⚠️  SQDUSDT: compute_stake=0 (sermaye / max açık / Kelly)
⚠️  ICXUSDT: compute_stake=0 (sermaye / max açık / Kelly)
⚠️  PONKEUSDT: compute_stake=0 (sermaye / max açık / Kelly)
⚠️  QUSDT: compute_stake=0 (sermaye / max açık / Kelly)
⚠️  HOMEUSDT: compute_stake=0 (sermaye / max açık / Kelly)
⚠️  ICXUSDT: compute_stake=0 (sermaye / max açık / Kelly)
⚠️  PLAYUSDT: compute_stake=0 (sermaye / max açık / Kelly)
⚠️  PONKEUSDT: compute_stake=0 (sermaye / max açık / Kelly)
⚠️  HUSDT: compute_stake=0 (sermaye / max açık / Kelly)
⚠️  QUSDT: compute_stake=0 (sermaye / max açık / Kelly)
⚠️  ICXUSDT: compute_stake=0 (sermaye / max açık / Kelly)
⚠️  PLAYUSDT: compute_stake=0 (sermaye / max açık / Kelly)
⚠️  PONKEUSDT: compute_stake=0 (sermaye / max açık / Kelly)
⚠️  HUSDT: compute_stake=0 (sermaye / max açık / Kelly)
⚠️  QUSDT: compute_stake=0 (sermaye / max açık / Kelly)
⚠️  ICXUSDT: compute_stake=0 (sermaye / max açık / Kelly)
⚠️  PLAYUSDT: compute_stake=0 (sermaye / max açık / Kelly)
⚠️  HUSDT: compute_stake=0 (sermaye / max açık / Kelly)
⚠️  PONKEUSDT: compute_stake=0 (sermaye / max açık / Kelly)
⚠️  QUSDT: compute_stake=0 (sermaye / max açık / Kelly)
⚠️  TRUUSDT: compute_stake=0 (sermaye / max açık / Kelly)
⚠️  HUSDT: compute_stake=0 (sermaye / max açık / Kelly)
⚠️  QUSDT: compute_stake=0 (sermaye / max açık / Kelly)
⚠️  TRUUSDT: compute_stake=0 (sermaye / max açık / Kelly)
⚠️  GUAUSDT: compute_stake=0 (sermaye / max açık / Kelly)
⚠️  ORCAUSDT: compute_stake=0 (sermaye / max açık / Kelly)
⚠️  TRUUSDT: compute_stake=0 (sermaye / max açık / Kelly)
⚠️  GUAUSDT: compute_stake=0 (sermaye / max açık / Kelly)
⚠️  ORCAUSDT: compute_stake=0 (sermaye / max açık / Kelly)
⚠️  TRUUSDT: compute_stake=0 (sermaye / max açık / Kelly)
⚠️  GUAUSDT: compute_stake=0 (sermaye / max açık / Kelly)
⚠️  ORCAUSDT: compute_stake=0 (sermaye / max açık / Kelly)
⚠️  TRUUSDT: compute_stake=0 (sermaye / max açık / Kelly)
⚠️  BBUSDT: compute_stake=0 (sermaye / max açık / Kelly)
⚠️  GUAUSDT: compute_stake=0 (sermaye / max açık / Kelly)
⚠️  BERAUSDT: compute_stake=0 (sermaye / max açık / Kelly)
⚠️  TRUUSDT: compute_stake=0 (sermaye / max açık / Kelly)
⚠️  BBUSDT: compute_stake=0 (sermaye / max açık / Kelly)
⚠️  GUAUSDT: compute_stake=0 (sermaye / max açık / Kelly)
⚠️  BERAUSDT: compute_stake=0 (sermaye / max açık / Kelly)
⚠️  TRUUSDT: compute_stake=0 (sermaye / max açık / Kelly)
⚠️  TRUUSDT: compute_stake=0 (sermaye / max açık / Kelly)
⚠️  HUSDT: compute_stake=0 (sermaye / max açık / Kelly)
⚠️  BERAUSDT: compute_stake=0 (sermaye / max açık / Kelly)
⚠️  GUAUSDT: compute_stake=0 (sermaye / max açık / Kelly)
⚠️  TRUUSDT: compute_stake=0 (sermaye / max açık / Kelly)
⚠️  BERAUSDT: compute_stake=0 (sermaye / max açık / Kelly)
⚠️  HUSDT: compute_stake=0 (sermaye / max açık / Kelly)
⚠️  DEGENUSDT: compute_stake=0 (sermaye / max açık / Kelly)
⚠️  TRUUSDT: compute_stake=0 (sermaye / max açık / Kelly)
⚠️  BERAUSDT: compute_stake=0 (sermaye / max açık / Kelly)
⚠️  HUSDT: compute_stake=0 (sermaye / max açık / Kelly)
⚠️  DEGENUSDT: compute_stake=0 (sermaye / max açık / Kelly)
⚠️  PENDLEUSDT: compute_stake=0 (sermaye / max açık / Kelly)
⚠️  HUSDT: compute_stake=0 (sermaye / max açık / Kelly)
⚠️  PENDLEUSDT: compute_stake=0 (sermaye / max açık / Kelly)
⚠️  GUAUSDT: compute_stake=0 (sermaye / max açık / Kelly)
⚠️  AIXBTUSDT: compute_stake=0 (sermaye / max açık / Kelly)
⚠️  PENDLEUSDT: compute_stake=0 (sermaye / max açık / Kelly)
⚠️  PENDLEUSDT: compute_stake=0 (sermaye / max açık / Kelly)
⚠️  BERAUSDT: compute_stake=0 (sermaye / max açık / Kelly)
⚠️  AIXBTUSDT: compute_stake=0 (sermaye / max açık / Kelly)
⚠️  PENDLEUSDT: compute_stake=0 (sermaye / max açık / Kelly)
⚠️  BERAUSDT: compute_stake=0 (sermaye / max açık / Kelly)
⚠️  AIXBTUSDT: compute_stake=0 (sermaye / max açık / Kelly)
⚠️  PENDLEUSDT: compute_stake=0 (sermaye / max açık / Kelly)
⚠️  AIXBTUSDT: compute_stake=0 (sermaye / max açık / Kelly)
⚠️  PENDLEUSDT: compute_stake=0 (sermaye / max açık / Kelly)
⚠️  SAPIENUSDT: compute_stake=0 (sermaye / max açık / Kelly)
⚠️  AIXBTUSDT: compute_stake=0 (sermaye / max açık / Kelly)
⚠️  PENDLEUSDT: compute_stake=0 (sermaye / max açık / Kelly)
⚠️  SAPIENUSDT: compute_stake=0 (sermaye / max açık / Kelly)
⚠️  SAPIENUSDT: compute_stake=0 (sermaye / max açık / Kelly)
⚠️  AIXBTUSDT: compute_stake=0 (sermaye / max açık / Kelly)
⚠️  PENDLEUSDT: compute_stake=0 (sermaye / max açık / Kelly)
⚠️  SAPIENUSDT: compute_stake=0 (sermaye / max açık / Kelly)
⚠️  HIGHUSDT: compute_stake=0 (sermaye / max açık / Kelly)
⚠️  PENDLEUSDT: compute_stake=0 (sermaye / max açık / Kelly)
⚠️  SAPIENUSDT: compute_stake=0 (sermaye / max açık / Kelly)
⚠️  HIGHUSDT: compute_stake=0 (sermaye / max açık / Kelly)
⚠️  PENDLEUSDT: compute_stake=0 (sermaye / max açık / Kelly)
⚠️  HIGHUSDT: compute_stake=0 (sermaye / max açık / Kelly)
⚠️  FOGOUSDT: compute_stake=0 (sermaye / max açık / Kelly)
⚠️  PENDLEUSDT: compute_stake=0 (sermaye / max açık / Kelly)
⚠️  HIGHUSDT: compute_stake=0 (sermaye / max açık / Kelly)
⚠️  FOGOUSDT: compute_stake=0 (sermaye / max açık / Kelly)
⚠️  SAPIENUSDT: compute_stake=0 (sermaye / max açık / Kelly)
⚠️  PENDLEUSDT: compute_stake=0 (sermaye / max açık / Kelly)
⚠️  HIGHUSDT: compute_stake=0 (sermaye / max açık / Kelly)
⚠️  FOGOUSDT: compute_stake=0 (sermaye / max açık / Kelly)
⚠️  PENDLEUSDT: compute_stake=0 (sermaye / max açık / Kelly)
⚠️  HIGHUSDT: compute_stake=0 (sermaye / max açık / Kelly)
⚠️  FOGOUSDT: compute_stake=0 (sermaye / max açık / Kelly)
⚠️  DEGENUSDT: compute_stake=0 (sermaye / max açık / Kelly)
⚠️  PENDLEUSDT: compute_stake=0 (sermaye / max açık / Kelly)
⚠️  HIGHUSDT: compute_stake=0 (sermaye / max açık / Kelly)
⚠️  FIDAUSDT: compute_stake=0 (sermaye / max açık / Kelly)
⚠️  AINUSDT: compute_stake=0 (sermaye / max açık / Kelly)
⚠️  FOGOUSDT: compute_stake=0 (sermaye / max açık / Kelly)
⚠️  DEGENUSDT: compute_stake=0 (sermaye / max açık / Kelly)
⚠️  PENDLEUSDT: compute_stake=0 (sermaye / max açık / Kelly)
⚠️  HIGHUSDT: compute_stake=0 (sermaye / max açık / Kelly)
⚠️  FIDAUSDT: compute_stake=0 (sermaye / max açık / Kelly)
⚠️  AINUSDT: compute_stake=0 (sermaye / max açık / Kelly)
⚠️  FOGOUSDT: compute_stake=0 (sermaye / max açık / Kelly)
⚠️  DEGENUSDT: compute_stake=0 (sermaye / max açık / Kelly)
⚠️  PENDLEUSDT: compute_stake=0 (sermaye / max açık / Kelly)
⚠️  HIGHUSDT: compute_stake=0 (sermaye / max açık / Kelly)
⚠️  FOGOUSDT: compute_stake=0 (sermaye / max açık / Kelly)
⚠️  DEGENUSDT: compute_stake=0 (sermaye / max açık / Kelly)
⚠️  AINUSDT: compute_stake=0 (sermaye / max açık / Kelly)
⚠️  DEGENUSDT: compute_stake=0 (sermaye / max açık / Kelly)
⚠️  CHILLGUYUSDT: compute_stake=0 (sermaye / max açık / Kelly)
⚠️  AINUSDT: compute_stake=0 (sermaye / max açık / Kelly)
⚠️  DEGENUSDT: compute_stake=0 (sermaye / max açık / Kelly)
⚠️  CHILLGUYUSDT: compute_stake=0 (sermaye / max açık / Kelly)
⚠️  DEGENUSDT: compute_stake=0 (sermaye / max açık / Kelly)
⚠️  CHILLGUYUSDT: compute_stake=0 (sermaye / max açık / Kelly)
⚠️  GUAUSDT: compute_stake=0 (sermaye / max açık / Kelly)
⚠️  GUAUSDT: compute_stake=0 (sermaye / max açık / Kelly)
⚠️  GUAUSDT: compute_stake=0 (sermaye / max açık / Kelly)
⚠️  NILUSDT: compute_stake=0 (sermaye / max açık / Kelly)
⚠️  GUAUSDT: compute_stake=0 (sermaye / max açık / Kelly)
⚠️  BERAUSDT: compute_stake=0 (sermaye / max açık / Kelly)
⚠️  CLANKERUSDT: compute_stake=0 (sermaye / max açık / Kelly)
⚠️  ALTUSDT: compute_stake=0 (sermaye / max açık / Kelly)
⚠️  NILUSDT: compute_stake=0 (sermaye / max açık / Kelly)
⚠️  BERAUSDT: compute_stake=0 (sermaye / max açık / Kelly)
⚠️  CLANKERUSDT: compute_stake=0 (sermaye / max açık / Kelly)
⚠️  GUAUSDT: compute_stake=0 (sermaye / max açık / Kelly)
⚠️  BERAUSDT: compute_stake=0 (sermaye / max açık / Kelly)
⚠️  CLANKERUSDT: compute_stake=0 (sermaye / max açık / Kelly)
⚠️  GUAUSDT: compute_stake=0 (sermaye / max açık / Kelly)
⚠️  BERAUSDT: compute_stake=0 (sermaye / max açık / Kelly)
⚠️  GUAUSDT: compute_stake=0 (sermaye / max açık / Kelly)
⚠️  CLANKERUSDT: compute_stake=0 (sermaye / max açık / Kelly)
⚠️  BERAUSDT: compute_stake=0 (sermaye / max açık / Kelly)
⚠️  GUAUSDT: compute_stake=0 (sermaye / max açık / Kelly)
⚠️  BERAUSDT: compute_stake=0 (sermaye / max açık / Kelly)
⚠️  GUAUSDT: compute_stake=0 (sermaye / max açık / Kelly)
⚠️  XVSUSDT: compute_stake=0 (sermaye / max açık / Kelly)
⚠️  DEGENUSDT: compute_stake=0 (sermaye / max açık / Kelly)
⚠️  GUAUSDT: compute_stake=0 (sermaye / max açık / Kelly)
⚠️  FIGHTUSDT: compute_stake=0 (sermaye / max açık / Kelly)
⚠️  ATAUSDT: compute_stake=0 (sermaye / max açık / Kelly)
⚠️  XVSUSDT: compute_stake=0 (sermaye / max açık / Kelly)
⚠️  XVSUSDT: compute_stake=0 (sermaye / max açık / Kelly)
⚠️  DEGENUSDT: compute_stake=0 (sermaye / max açık / Kelly)
⚠️  FIGHTUSDT: compute_stake=0 (sermaye / max açık / Kelly)
⚠️  ATAUSDT: compute_stake=0 (sermaye / max açık / Kelly)
⚠️  DEGENUSDT: compute_stake=0 (sermaye / max açık / Kelly)
⚠️  XVSUSDT: compute_stake=0 (sermaye / max açık / Kelly)
⚠️  XVSUSDT: compute_stake=0 (sermaye / max açık / Kelly)
⚠️  ATAUSDT: compute_stake=0 (sermaye / max açık / Kelly)
⚠️  DEGENUSDT: compute_stake=0 (sermaye / max açık / Kelly)
⚠️  BANANAS31USDT: compute_stake=0 (sermaye / max açık / Kelly)
⚠️  XVSUSDT: compute_stake=0 (sermaye / max açık / Kelly)
⚠️  ATAUSDT: compute_stake=0 (sermaye / max açık / Kelly)
⚠️  DEGENUSDT: compute_stake=0 (sermaye / max açık / Kelly)
⚠️  BANANAS31USDT: compute_stake=0 (sermaye / max açık / Kelly)
⚠️  ATAUSDT: compute_stake=0 (sermaye / max açık / Kelly)
⚠️  DEGENUSDT: compute_stake=0 (sermaye / max açık / Kelly)
⚠️  BANANAS31USDT: compute_stake=0 (sermaye / max açık / Kelly)
⚠️  ATAUSDT: compute_stake=0 (sermaye / max açık / Kelly)
⚠️  BANANAS31USDT: compute_stake=0 (sermaye / max açık / Kelly)
⚠️  DEGENUSDT: compute_stake=0 (sermaye / max açık / Kelly)
⚠️  FHEUSDT: compute_stake=0 (sermaye / max açık / Kelly)
⚠️  BBUSDT: compute_stake=0 (sermaye / max açık / Kelly)
⚠️  HOMEUSDT: compute_stake=0 (sermaye / max açık / Kelly)
⚠️  ATAUSDT: compute_stake=0 (sermaye / max açık / Kelly)
⚠️  BANANAS31USDT: compute_stake=0 (sermaye / max açık / Kelly)
⚠️  DEGENUSDT: compute_stake=0 (sermaye / max açık / Kelly)
⚠️  FHEUSDT: compute_stake=0 (sermaye / max açık / Kelly)
⚠️  BBUSDT: compute_stake=0 (sermaye / max açık / Kelly)
⚠️  HOMEUSDT: compute_stake=0 (sermaye / max açık / Kelly)
⚠️  ATAUSDT: compute_stake=0 (sermaye / max açık / Kelly)
⚠️  BANANAS31USDT: compute_stake=0 (sermaye / max açık / Kelly)
⚠️  DEGENUSDT: compute_stake=0 (sermaye / max açık / Kelly)
⚠️  FHEUSDT: compute_stake=0 (sermaye / max açık / Kelly)
⚠️  GUAUSDT: compute_stake=0 (sermaye / max açık / Kelly)
⚠️  BBUSDT: compute_stake=0 (sermaye / max açık / Kelly)
⚠️  HOMEUSDT: compute_stake=0 (sermaye / max açık / Kelly)
⚠️  HUSDT: compute_stake=0 (sermaye / max açık / Kelly)
⚠️  PENDLEUSDT: compute_stake=0 (sermaye / max açık / Kelly)
⚠️  BANANAS31USDT: compute_stake=0 (sermaye / max açık / Kelly)
⚠️  FHEUSDT: compute_stake=0 (sermaye / max açık / Kelly)
⚠️  GUAUSDT: compute_stake=0 (sermaye / max açık / Kelly)
⚠️  BBUSDT: compute_stake=0 (sermaye / max açık / Kelly)
⚠️  PENDLEUSDT: compute_stake=0 (sermaye / max açık / Kelly)
⚠️  HOMEUSDT: compute_stake=0 (sermaye / max açık / Kelly)
⚠️  DEGENUSDT: compute_stake=0 (sermaye / max açık / Kelly)
⚠️  XVSUSDT: compute_stake=0 (sermaye / max açık / Kelly)
⚠️  HUSDT: compute_stake=0 (sermaye / max açık / Kelly)
⚠️  FHEUSDT: compute_stake=0 (sermaye / max açık / Kelly)
⚠️  BANANAS31USDT: compute_stake=0 (sermaye / max açık / Kelly)
⚠️  BBUSDT: compute_stake=0 (sermaye / max açık / Kelly)
⚠️  GUAUSDT: compute_stake=0 (sermaye / max açık / Kelly)
⚠️  DEGENUSDT: compute_stake=0 (sermaye / max açık / Kelly)
⚠️  HOMEUSDT: compute_stake=0 (sermaye / max açık / Kelly)
⚠️  XVSUSDT: compute_stake=0 (sermaye / max açık / Kelly)
⚠️  XVSUSDT: compute_stake=0 (sermaye / max açık / Kelly)
⚠️  FIDAUSDT: compute_stake=0 (sermaye / max açık / Kelly)
⚠️  BANANAS31USDT: compute_stake=0 (sermaye / max açık / Kelly)
⚠️  FHEUSDT: compute_stake=0 (sermaye / max açık / Kelly)
⚠️  BBUSDT: compute_stake=0 (sermaye / max açık / Kelly)
⚠️  GUAUSDT: compute_stake=0 (sermaye / max açık / Kelly)
⚠️  DEGENUSDT: compute_stake=0 (sermaye / max açık / Kelly)
⚠️  HOMEUSDT: compute_stake=0 (sermaye / max açık / Kelly)
⚠️  XVSUSDT: compute_stake=0 (sermaye / max açık / Kelly)
⚠️  FIDAUSDT: compute_stake=0 (sermaye / max açık / Kelly)
⚠️  FHEUSDT: compute_stake=0 (sermaye / max açık / Kelly)
⚠️  BBUSDT: compute_stake=0 (sermaye / max açık / Kelly)
⚠️  GUAUSDT: compute_stake=0 (sermaye / max açık / Kelly)
⚠️  GUAUSDT: compute_stake=0 (sermaye / max açık / Kelly)
⚠️  HOMEUSDT: compute_stake=0 (sermaye / max açık / Kelly)
⚠️  HOMEUSDT: compute_stake=0 (sermaye / max açık / Kelly)
⚠️  XVSUSDT: compute_stake=0 (sermaye / max açık / Kelly)
⚠️  FIDAUSDT: compute_stake=0 (sermaye / max açık / Kelly)
⚠️  FHEUSDT: compute_stake=0 (sermaye / max açık / Kelly)
⚠️  GUAUSDT: compute_stake=0 (sermaye / max açık / Kelly)
⚠️  BBUSDT: compute_stake=0 (sermaye / max açık / Kelly)
⚠️  FIDAUSDT: compute_stake=0 (sermaye / max açık / Kelly)
⚠️  FHEUSDT: compute_stake=0 (sermaye / max açık / Kelly)
⚠️  GUAUSDT: compute_stake=0 (sermaye / max açık / Kelly)
⚠️  HOMEUSDT: compute_stake=0 (sermaye / max açık / Kelly)
⚠️  DOGSUSDT: compute_stake=0 (sermaye / max açık / Kelly)
⚠️  FIDAUSDT: compute_stake=0 (sermaye / max açık / Kelly)
⚠️  BBUSDT: compute_stake=0 (sermaye / max açık / Kelly)
⚠️  DOGSUSDT: compute_stake=0 (sermaye / max açık / Kelly)
⚠️  GUAUSDT: compute_stake=0 (sermaye / max açık / Kelly)
⚠️  DOGSUSDT: compute_stake=0 (sermaye / max açık / Kelly)
⚠️  GUAUSDT: compute_stake=0 (sermaye / max açık / Kelly)
⚠️  DOGSUSDT: compute_stake=0 (sermaye / max açık / Kelly)
  ✓ Borsa kapanış ONDOUSDT TP qty=3003.0
✅ Closed #42: ONDOUSDT | $2.59
  ✓ Borsa emri #102822886 LONG FIDAUSDT 3x qty=42389.0
✅ LONG FIDAUSDT @ $0.03 | 3x | stake=$411 | kelly_raw=$1000 | score=0.60
🤖 Demo emir: FIDAUSDT LONG Δ+0.43%
⚠️  HUSDT: compute_stake=0 (sermaye / max açık / Kelly)
⚠️  ACHUSDT: compute_stake=0 (sermaye / max açık / Kelly)
⚠️  JELLYJELLYUSDT: compute_stake=0 (sermaye / max açık / Kelly)
⚠️  DASHUSDT: compute_stake=0 (sermaye / max açık / Kelly)
⚠️  JELLYJELLYUSDT: compute_stake=0 (sermaye / max açık / Kelly)
⚠️  DOGSUSDT: compute_stake=0 (sermaye / max açık / Kelly)
⚠️  FHEUSDT: compute_stake=0 (sermaye / max açık / Kelly)
⚠️  HUSDT: compute_stake=0 (sermaye / max açık / Kelly)
⚠️  ZEREBROUSDT: compute_stake=0 (sermaye / max açık / Kelly)
⚠️  AIUSDT: compute_stake=0 (sermaye / max açık / Kelly)
⚠️  JELLYJELLYUSDT: compute_stake=0 (sermaye / max açık / Kelly)
⚠️  DOGSUSDT: compute_stake=0 (sermaye / max açık / Kelly)
⚠️  FHEUSDT: compute_stake=0 (sermaye / max açık / Kelly)
⚠️  HUSDT: compute_stake=0 (sermaye / max açık / Kelly)
⚠️  ZEREBROUSDT: compute_stake=0 (sermaye / max açık / Kelly)
⚠️  AIUSDT: compute_stake=0 (sermaye / max açık / Kelly)
⚠️  JELLYJELLYUSDT: compute_stake=0 (sermaye / max açık / Kelly)
⚠️  DOGSUSDT: compute_stake=0 (sermaye / max açık / Kelly)
⚠️  FHEUSDT: compute_stake=0 (sermaye / max açık / Kelly)
⚠️  HUSDT: compute_stake=0 (sermaye / max açık / Kelly)
⚠️  ZEREBROUSDT: compute_stake=0 (sermaye / max açık / Kelly)
⚠️  ZEREBROUSDT: compute_stake=0 (sermaye / max açık / Kelly)
⚠️  AIUSDT: compute_stake=0 (sermaye / max açık / Kelly)
⚠️  SLERFUSDT: compute_stake=0 (sermaye / max açık / Kelly)
⚠️  YALAUSDT: compute_stake=0 (sermaye / max açık / Kelly)
⚠️  ZRCUSDT: compute_stake=0 (sermaye / max açık / Kelly)
⚠️  VOXELUSDT: compute_stake=0 (sermaye / max açık / Kelly)
⚠️  REIUSDT: compute_stake=0 (sermaye / max açık / Kelly)
⚠️  VINEUSDT: compute_stake=0 (sermaye / max açık / Kelly)
⚠️  ZKJUSDT: compute_stake=0 (sermaye / max açık / Kelly)
⚠️  SKATEUSDT: compute_stake=0 (sermaye / max açık / Kelly)
⚠️  ZILUSDT: compute_stake=0 (sermaye / max açık / Kelly)
  ✓ Borsa kapanış FIDAUSDT TP qty=42389.0
✅ Closed #43: FIDAUSDT | $2.93
  ✓ Borsa emri #131830324 LONG JELLYJELLYUSDT 3x qty=20147.0
✅ LONG JELLYJELLYUSDT @ $0.06 | 3x | stake=$410 | kelly_raw=$1000 | score=0.67
🤖 Demo emir: JELLYJELLYUSDT LONG Δ+0.90%
⚠️  DOGSUSDT: compute_stake=0 (sermaye / max açık / Kelly)
⚠️  HIGHUSDT: compute_stake=0 (sermaye / max açık / Kelly)
⚠️  GTCUSDT: compute_stake=0 (sermaye / max açık / Kelly)
  ✓ Borsa kapanış JELLYJELLYUSDT TP qty=20147.0
✅ Closed #44: JELLYJELLYUSDT | $8.66
  ✓ Borsa emri #114332130 SHORT HIGHUSDT 3x qty=4001.4
✅ SHORT HIGHUSDT @ $0.19 | 3x | stake=$250 | kelly_raw=$0 | score=0.58
🤖 Demo emir: HIGHUSDT SHORT Δ-0.29%
⚠️  NILUSDT: compute_stake=0 (sermaye / max açık / Kelly)
⚠️  LAYERUSDT: compute_stake=0 (sermaye / max açık / Kelly)
⚠️  ZEREBROUSDT: compute_stake=0 (sermaye / max açık / Kelly)
⚠️  GWEIUSDT: compute_stake=0 (sermaye / max açık / Kelly)
⚠️  HEIUSDT: compute_stake=0 (sermaye / max açık / Kelly)
⚠️  JTOUSDT: compute_stake=0 (sermaye / max açık / Kelly)
⚠️  XANUSDT: compute_stake=0 (sermaye / max açık / Kelly)
⚠️  LAYERUSDT: compute_stake=0 (sermaye / max açık / Kelly)
⚠️  ZEREBROUSDT: compute_stake=0 (sermaye / max açık / Kelly)
⚠️  JTOUSDT: compute_stake=0 (sermaye / max açık / Kelly)
⚠️  XANUSDT: compute_stake=0 (sermaye / max açık / Kelly)
⚠️  JTOUSDT: compute_stake=0 (sermaye / max açık / Kelly)
⚠️  GWEIUSDT: compute_stake=0 (sermaye / max açık / Kelly)
⚠️  HEIUSDT: compute_stake=0 (sermaye / max açık / Kelly)
⚠️  ZEREBROUSDT: compute_stake=0 (sermaye / max açık / Kelly)
⚠️  LAYERUSDT: compute_stake=0 (sermaye / max açık / Kelly)
⚠️  PLAYUSDT: compute_stake=0 (sermaye / max açık / Kelly)
⚠️  XANUSDT: compute_stake=0 (sermaye / max açık / Kelly)
⚠️  XANUSDT: compute_stake=0 (sermaye / max açık / Kelly)
⚠️  PLAYUSDT: compute_stake=0 (sermaye / max açık / Kelly)
⚠️  HEIUSDT: compute_stake=0 (sermaye / max açık / Kelly)
⚠️  GWEIUSDT: compute_stake=0 (sermaye / max açık / Kelly)
⚠️  LAYERUSDT: compute_stake=0 (sermaye / max açık / Kelly)
⚠️  JTOUSDT: compute_stake=0 (sermaye / max açık / Kelly)
⚠️  XANUSDT: compute_stake=0 (sermaye / max açık / Kelly)
⚠️  PLAYUSDT: compute_stake=0 (sermaye / max açık / Kelly)
⚠️  HEIUSDT: compute_stake=0 (sermaye / max açık / Kelly)
⚠️  GWEIUSDT: compute_stake=0 (sermaye / max açık / Kelly)
⚠️  LAYERUSDT: compute_stake=0 (sermaye / max açık / Kelly)
⚠️  JTOUSDT: compute_stake=0 (sermaye / max açık / Kelly)
⚠️  PLAYUSDT: compute_stake=0 (sermaye / max açık / Kelly)
⚠️  XANUSDT: compute_stake=0 (sermaye / max açık / Kelly)
⚠️  PLUMEUSDT: compute_stake=0 (sermaye / max açık / Kelly)
⚠️  XNYUSDT: compute_stake=0 (sermaye / max açık / Kelly)
⚠️  LAYERUSDT: compute_stake=0 (sermaye / max açık / Kelly)
⚠️  SLERFUSDT: compute_stake=0 (sermaye / max açık / Kelly)
⚠️  YALAUSDT: compute_stake=0 (sermaye / max açık / Kelly)
⚠️  ZRCUSDT: compute_stake=0 (sermaye / max açık / Kelly)
⚠️  VOXELUSDT: compute_stake=0 (sermaye / max açık / Kelly)
⚠️  VINEUSDT: compute_stake=0 (sermaye / max açık / Kelly)
⚠️  SKATEUSDT: compute_stake=0 (sermaye / max açık / Kelly)
⚠️  XANUSDT: compute_stake=0 (sermaye / max açık / Kelly)
⚠️  XNYUSDT: compute_stake=0 (sermaye / max açık / Kelly)
⚠️  PLUMEUSDT: compute_stake=0 (sermaye / max açık / Kelly)
⚠️  PLAYUSDT: compute_stake=0 (sermaye / max açık / Kelly)
⚠️  LAYERUSDT: compute_stake=0 (sermaye / max açık / Kelly)
⚠️  PLAYUSDT: compute_stake=0 (sermaye / max açık / Kelly)
⚠️  PLUMEUSDT: compute_stake=0 (sermaye / max açık / Kelly)
⚠️  PLUMEUSDT: compute_stake=0 (sermaye / max açık / Kelly)
⚠️  PLUMEUSDT: compute_stake=0 (sermaye / max açık / Kelly)
⚠️  AINUSDT: compute_stake=0 (sermaye / max açık / Kelly)
⚠️  XVSUSDT: compute_stake=0 (sermaye / max açık / Kelly)
⚠️  PLUMEUSDT: compute_stake=0 (sermaye / max açık / Kelly)
⚠️  AINUSDT: compute_stake=0 (sermaye / max açık / Kelly)
⚠️  XVSUSDT: compute_stake=0 (sermaye / max açık / Kelly)
⚠️  XVSUSDT: compute_stake=0 (sermaye / max açık / Kelly)
INFO:     127.0.0.1:64465 - "WebSocket /ws" [accepted]
INFO:     connection open
⚠️  PLUMEUSDT: compute_stake=0 (sermaye / max açık / Kelly)
⚠️  PLUMEUSDT: compute_stake=0 (sermaye / max açık / Kelly)
⚠️  XVSUSDT: compute_stake=0 (sermaye / max açık / Kelly)
⚠️  XVSUSDT: compute_stake=0 (sermaye / max açık / Kelly)
⚠️  AINUSDT: compute_stake=0 (sermaye / max açık / Kelly)
⚠️  FHEUSDT: compute_stake=0 (sermaye / max açık / Kelly)
⚠️  FHEUSDT: compute_stake=0 (sermaye / max açık / Kelly)
⚠️  XVSUSDT: compute_stake=0 (sermaye / max açık / Kelly)
⚠️  ZENUSDT: compute_stake=0 (sermaye / max açık / Kelly)
⚠️  PLUMEUSDT: compute_stake=0 (sermaye / max açık / Kelly)
⚠️  FHEUSDT: compute_stake=0 (sermaye / max açık / Kelly)
⚠️  XVSUSDT: compute_stake=0 (sermaye / max açık / Kelly)
⚠️  ZENUSDT: compute_stake=0 (sermaye / max açık / Kelly)
⚠️  FHEUSDT: compute_stake=0 (sermaye / max açık / Kelly)
⚠️  XVSUSDT: compute_stake=0 (sermaye / max açık / Kelly)
⚠️  ZENUSDT: compute_stake=0 (sermaye / max açık / Kelly)
⚠️  ZENUSDT: compute_stake=0 (sermaye / max açık / Kelly)
⚠️  XVSUSDT: compute_stake=0 (sermaye / max açık / Kelly)
⚠️  SAPIENUSDT: compute_stake=0 (sermaye / max açık / Kelly)
⚠️  XVSUSDT: compute_stake=0 (sermaye / max açık / Kelly)
⚠️  EIGENUSDT: compute_stake=0 (sermaye / max açık / Kelly)
⚠️  ZENUSDT: compute_stake=0 (sermaye / max açık / Kelly)
⚠️  XVSUSDT: compute_stake=0 (sermaye / max açık / Kelly)
⚠️  EIGENUSDT: compute_stake=0 (sermaye / max açık / Kelly)
⚠️  ZENUSDT: compute_stake=0 (sermaye / max açık / Kelly)
⚠️  MAGMAUSDT: compute_stake=0 (sermaye / max açık / Kelly)
⚠️  MAGMAUSDT: compute_stake=0 (sermaye / max açık / Kelly)
⚠️  MAGMAUSDT: compute_stake=0 (sermaye / max açık / Kelly)
⚠️  PHBUSDT: compute_stake=0 (sermaye / max açık / Kelly)
⚠️  HUSDT: compute_stake=0 (sermaye / max açık / Kelly)
⚠️  PHBUSDT: compute_stake=0 (sermaye / max açık / Kelly)
⚠️  HUSDT: compute_stake=0 (sermaye / max açık / Kelly)
⚠️  PHBUSDT: compute_stake=0 (sermaye / max açık / Kelly)
⚠️  HUSDT: compute_stake=0 (sermaye / max açık / Kelly)
⚠️  PHBUSDT: compute_stake=0 (sermaye / max açık / Kelly)
⚠️  XVSUSDT: compute_stake=0 (sermaye / max açık / Kelly)
⚠️  PHBUSDT: compute_stake=0 (sermaye / max açık / Kelly)
⚠️  XVSUSDT: compute_stake=0 (sermaye / max açık / Kelly)
⚠️  PHBUSDT: compute_stake=0 (sermaye / max açık / Kelly)
⚠️  XVSUSDT: compute_stake=0 (sermaye / max açık / Kelly)
  ✓ Borsa kapanış VIRTUALUSDT TP qty=1021.9
✅ Closed #15: VIRTUALUSDT | $1.39
  ✓ Borsa emri #101298592 LONG PHBUSDT 3x qty=18623.0
✅ LONG PHBUSDT @ $0.06 | 3x | stake=$403 | kelly_raw=$1000 | score=0.70
🤖 Demo emir: PHBUSDT LONG Δ+1.06%
⚠️  VVVUSDT: compute_stake=0 (sermaye / max açık / Kelly)
⚠️  SAPIENUSDT: compute_stake=0 (sermaye / max açık / Kelly)
⚠️  PONKEUSDT: compute_stake=0 (sermaye / max açık / Kelly)
  ✓ Borsa kapanış PHBUSDT TP qty=18623.0
✅ Closed #46: PHBUSDT | $3.37
  ✓ Borsa emri #119630843 SHORT VVVUSDT 3x qty=41.56
✅ SHORT VVVUSDT @ $18.04 | 3x | stake=$250 | kelly_raw=$0 | score=0.64
🤖 Demo emir: VVVUSDT SHORT Δ-0.68%
⚠️  SAPIENUSDT: compute_stake=0 (sermaye / max açık / Kelly)
⚠️  PONKEUSDT: compute_stake=0 (sermaye / max açık / Kelly)
  ✓ Borsa kapanış VVVUSDT TP qty=41.56
✅ Closed #47: VVVUSDT | $3.71
  ✓ Borsa emri #88770472 SHORT SAPIENUSDT 3x qty=6814.0
✅ SHORT SAPIENUSDT @ $0.11 | 3x | stake=$250 | kelly_raw=$0 | score=0.59
🤖 Demo emir: SAPIENUSDT SHORT Δ-0.36%
⚠️  USELESSUSDT: compute_stake=0 (sermaye / max açık / Kelly)
⚠️  TAGUSDT: compute_stake=0 (sermaye / max açık / Kelly)
⚠️  SPXUSDT: compute_stake=0 (sermaye / max açık / Kelly)
⚠️  VANAUSDT: compute_stake=0 (sermaye / max açık / Kelly)
⚠️  PONKEUSDT: compute_stake=0 (sermaye / max açık / Kelly)
INFO:     connection closed
⚠️  SPXUSDT: compute_stake=0 (sermaye / max açık / Kelly)
⚠️  USELESSUSDT: compute_stake=0 (sermaye / max açık / Kelly)
⚠️  VANAUSDT: compute_stake=0 (sermaye / max açık / Kelly)
⚠️  VANAUSDT: compute_stake=0 (sermaye / max açık / Kelly)
⚠️  USELESSUSDT: compute_stake=0 (sermaye / max açık / Kelly)
⚠️  TAGUSDT: compute_stake=0 (sermaye / max açık / Kelly)
⚠️  VANAUSDT: compute_stake=0 (sermaye / max açık / Kelly)
⚠️  USELESSUSDT: compute_stake=0 (sermaye / max açık / Kelly)
⚠️  ZENUSDT: compute_stake=0 (sermaye / max açık / Kelly)
⚠️  TAGUSDT: compute_stake=0 (sermaye / max açık / Kelly)
⚠️  SPXUSDT: compute_stake=0 (sermaye / max açık / Kelly)
⚠️  USELESSUSDT: compute_stake=0 (sermaye / max açık / Kelly)
⚠️  VANAUSDT: compute_stake=0 (sermaye / max açık / Kelly)
⚠️  ZENUSDT: compute_stake=0 (sermaye / max açık / Kelly)
⚠️  USELESSUSDT: compute_stake=0 (sermaye / max açık / Kelly)
⚠️  VANAUSDT: compute_stake=0 (sermaye / max açık / Kelly)
⚠️  USELESSUSDT: compute_stake=0 (sermaye / max açık / Kelly)
⚠️  VANAUSDT: compute_stake=0 (sermaye / max açık / Kelly)
⚠️  QUSDT: compute_stake=0 (sermaye / max açık / Kelly)
⚠️  SAHARAUSDT: compute_stake=0 (sermaye / max açık / Kelly)
⚠️  OBOLUSDT: compute_stake=0 (sermaye / max açık / Kelly)
⚠️  QUSDT: compute_stake=0 (sermaye / max açık / Kelly)
⚠️  SAHARAUSDT: compute_stake=0 (sermaye / max açık / Kelly)
⚠️  QUSDT: compute_stake=0 (sermaye / max açık / Kelly)
⚠️  SAHARAUSDT: compute_stake=0 (sermaye / max açık / Kelly)
⚠️  ZRXUSDT: compute_stake=0 (sermaye / max açık / Kelly)
⚠️  QUSDT: compute_stake=0 (sermaye / max açık / Kelly)
⚠️  TAGUSDT: compute_stake=0 (sermaye / max açık / Kelly)
⚠️  QUSDT: compute_stake=0 (sermaye / max açık / Kelly)
⚠️  TAGUSDT: compute_stake=0 (sermaye / max açık / Kelly)
⚠️  QUSDT: compute_stake=0 (sermaye / max açık / Kelly)
⚠️  TAGUSDT: compute_stake=0 (sermaye / max açık / Kelly)
⚠️  QUSDT: compute_stake=0 (sermaye / max açık / Kelly)
⚠️  TAGUSDT: compute_stake=0 (sermaye / max açık / Kelly)
  ✓ Borsa kapanış SAPIENUSDT TP qty=6814.0
✅ Closed #48: SAPIENUSDT | $2.06
  ✓ Borsa emri #102546311 LONG UBUSDT 3x qty=10075.0
✅ LONG UBUSDT @ $0.12 | 3x | stake=$396 | kelly_raw=$1000 | score=0.59
🤖 Demo emir: UBUSDT LONG Δ+0.32%
⚠️  OGUSDT: compute_stake=0 (sermaye / max açık / Kelly)
⚠️  SPORTFUNUSDT: compute_stake=0 (sermaye / max açık / Kelly)
  ✓ Borsa kapanış UBUSDT TP qty=10075.0
✅ Closed #49: UBUSDT | $2.44
  ✓ Borsa emri #79487378 LONG TAIKOUSDT 3x qty=11157.0
✅ LONG TAIKOUSDT @ $0.11 | 3x | stake=$396 | kelly_raw=$1000 | score=0.60
🤖 Demo emir: TAIKOUSDT LONG Δ+0.38%
⚠️  SPORTFUNUSDT: compute_stake=0 (sermaye / max açık / Kelly)
⚠️  PUFFERUSDT: compute_stake=0 (sermaye / max açık / Kelly)
  ✓ Borsa kapanış TAIKOUSDT TP qty=11157.0
✅ Closed #50: TAIKOUSDT | $1.97
  ✓ Borsa emri #1243216206 SHORT ZECUSDT 3x qty=1.2
✅ SHORT ZECUSDT @ $624.87 | 3x | stake=$250 | kelly_raw=$0 | score=0.60
🤖 Demo emir: ZECUSDT SHORT Δ-0.39%
⚠️  SPORTFUNUSDT: compute_stake=0 (sermaye / max açık / Kelly)
⚠️  POLYXUSDT: compute_stake=0 (sermaye / max açık / Kelly)
⚠️  QUSDT: compute_stake=0 (sermaye / max açık / Kelly)
⚠️  PUFFERUSDT: compute_stake=0 (sermaye / max açık / Kelly)
  ✓ Borsa kapanış ZECUSDT TP qty=1.2
✅ Closed #51: ZECUSDT | $1.46
  ✓ Borsa emri #51064195 SHORT SPORTFUNUSDT 3x qty=12270.0
✅ SHORT SPORTFUNUSDT @ $0.06 | 3x | stake=$250 | kelly_raw=$0 | score=0.60
🤖 Demo emir: SPORTFUNUSDT SHORT Δ-0.38%
⚠️  TAUSDT: compute_stake=0 (sermaye / max açık / Kelly)
⚠️  TONUSDT: compute_stake=0 (sermaye / max açık / Kelly)
  ✓ Borsa kapanış SPORTFUNUSDT TP qty=12270.0
✅ Closed #52: SPORTFUNUSDT | $1.31
  ✓ Borsa emri #140013843 SHORT TAUSDT 3x qty=10880.0
✅ SHORT TAUSDT @ $0.07 | 3x | stake=$250 | kelly_raw=$0 | score=0.59
🤖 Demo emir: TAUSDT SHORT Δ-0.31%
⚠️  TONUSDT: compute_stake=0 (sermaye / max açık / Kelly)
⚠️  TAGUSDT: compute_stake=0 (sermaye / max açık / Kelly)
⚠️  TAGUSDT: compute_stake=0 (sermaye / max açık / Kelly)
⚠️  TONUSDT: compute_stake=0 (sermaye / max açık / Kelly)
⚠️  TAGUSDT: compute_stake=0 (sermaye / max açık / Kelly)
⚠️  TONUSDT: compute_stake=0 (sermaye / max açık / Kelly)
  ✓ Borsa kapanış XPLUSDT SL qty=33698.0
✅ Closed #31: XPLUSDT | $-23.92
  ✓ Borsa emri #98613587 SHORT TAGUSDT 3x qty=688325.0
✅ SHORT TAGUSDT @ $0.00 | 3x | stake=$250 | kelly_raw=$0 | score=0.59
🤖 Demo emir: TAGUSDT SHORT Δ-0.30%
  ✓ Borsa emri #76276698 SHORT SPACEUSDT 3x qty=84731.0
✅ SHORT SPACEUSDT @ $0.01 | 3x | stake=$250 | kelly_raw=$0 | score=0.71
🤖 Demo emir: SPACEUSDT SHORT Δ-1.14%
  ✓ Borsa emri #114903123 LONG QUSDT 3x qty=86440.0
✅ LONG QUSDT @ $0.02 | 3x | stake=$619 | kelly_raw=$1000 | score=0.59
🤖 Demo emir: QUSDT LONG Δ+0.31%
  ✓ Borsa kapanış SPACEUSDT TP qty=84731.0
✅ Closed #55: SPACEUSDT | $9.04
  ✓ Borsa emri #187048024 SHORT WLDUSDT 3x qty=3062.0
✅ SHORT WLDUSDT @ $0.24 | 3x | stake=$250 | kelly_raw=$0 | score=0.58
🤖 Demo emir: WLDUSDT SHORT Δ-0.25%
⚠️  THETAUSDT: compute_stake=0 (sermaye / max açık / Kelly)
⚠️  PLAYUSDT: compute_stake=0 (sermaye / max açık / Kelly)
⚠️  SAHARAUSDT: compute_stake=0 (sermaye / max açık / Kelly)
⚠️  THETAUSDT: compute_stake=0 (sermaye / max açık / Kelly)
  ✓ Borsa kapanış TAUSDT TP qty=10880.0
✅ Closed #53: TAUSDT | $1.10
  ✓ Borsa emri #136202660 LONG PLAYUSDT 3x qty=6332.0
✅ LONG PLAYUSDT @ $0.12 | 3x | stake=$252 | kelly_raw=$1000 | score=0.59
🤖 Demo emir: PLAYUSDT LONG Δ+0.35%
⚠️  THETAUSDT: compute_stake=0 (sermaye / max açık / Kelly)
⚠️  NILUSDT: compute_stake=0 (sermaye / max açık / Kelly)
⚠️  PARTIUSDT: compute_stake=0 (sermaye / max açık / Kelly)
⚠️  JUPUSDT: compute_stake=0 (sermaye / max açık / Kelly)
⚠️  NILUSDT: compute_stake=0 (sermaye / max açık / Kelly)
⚠️  PARTIUSDT: compute_stake=0 (sermaye / max açık / Kelly)
⚠️  NAORISUSDT: compute_stake=0 (sermaye / max açık / Kelly)
⚠️  NILUSDT: compute_stake=0 (sermaye / max açık / Kelly)
⚠️  JUPUSDT: compute_stake=0 (sermaye / max açık / Kelly)
⚠️  JUPUSDT: compute_stake=0 (sermaye / max açık / Kelly)
⚠️  NILUSDT: compute_stake=0 (sermaye / max açık / Kelly)
⚠️  NEARUSDT: compute_stake=0 (sermaye / max açık / Kelly)
⚠️  PARTIUSDT: compute_stake=0 (sermaye / max açık / Kelly)
⚠️  JUPUSDT: compute_stake=0 (sermaye / max açık / Kelly)
⚠️  DODOXUSDT: compute_stake=0 (sermaye / max açık / Kelly)
⚠️  NEARUSDT: compute_stake=0 (sermaye / max açık / Kelly)
⚠️  NILUSDT: compute_stake=0 (sermaye / max açık / Kelly)
⚠️  JUPUSDT: compute_stake=0 (sermaye / max açık / Kelly)
⚠️  CYSUSDT: compute_stake=0 (sermaye / max açık / Kelly)
⚠️  NEARUSDT: compute_stake=0 (sermaye / max açık / Kelly)
⚠️  PARTIUSDT: compute_stake=0 (sermaye / max açık / Kelly)
⚠️  ATAUSDT: compute_stake=0 (sermaye / max açık / Kelly)
⚠️  NILUSDT: compute_stake=0 (sermaye / max açık / Kelly)
⚠️  NEARUSDT: compute_stake=0 (sermaye / max açık / Kelly)
⚠️  PARTIUSDT: compute_stake=0 (sermaye / max açık / Kelly)
⚠️  ATAUSDT: compute_stake=0 (sermaye / max açık / Kelly)
⚠️  NEARUSDT: compute_stake=0 (sermaye / max açık / Kelly)
⚠️  PARTIUSDT: compute_stake=0 (sermaye / max açık / Kelly)
⚠️  ATAUSDT: compute_stake=0 (sermaye / max açık / Kelly)
⚠️  NEARUSDT: compute_stake=0 (sermaye / max açık / Kelly)
⚠️  PARTIUSDT: compute_stake=0 (sermaye / max açık / Kelly)
⚠️  ATAUSDT: compute_stake=0 (sermaye / max açık / Kelly)
⚠️  NEARUSDT: compute_stake=0 (sermaye / max açık / Kelly)
⚠️  PARTIUSDT: compute_stake=0 (sermaye / max açık / Kelly)
⚠️  ATAUSDT: compute_stake=0 (sermaye / max açık / Kelly)
⚠️  ATAUSDT: compute_stake=0 (sermaye / max açık / Kelly)
⚠️  FIGHTUSDT: compute_stake=0 (sermaye / max açık / Kelly)
⚠️  BBUSDT: compute_stake=0 (sermaye / max açık / Kelly)
⚠️  FIGHTUSDT: compute_stake=0 (sermaye / max açık / Kelly)
⚠️  FIGHTUSDT: compute_stake=0 (sermaye / max açık / Kelly)
⚠️  FIGHTUSDT: compute_stake=0 (sermaye / max açık / Kelly)
⚠️  DYMUSDT: compute_stake=0 (sermaye / max açık / Kelly)
⚠️  FIGHTUSDT: compute_stake=0 (sermaye / max açık / Kelly)
⚠️  CETUSUSDT: compute_stake=0 (sermaye / max açık / Kelly)
⚠️  ATAUSDT: compute_stake=0 (sermaye / max açık / Kelly)
⚠️  FIGHTUSDT: compute_stake=0 (sermaye / max açık / Kelly)
⚠️  CETUSUSDT: compute_stake=0 (sermaye / max açık / Kelly)
⚠️  BBUSDT: compute_stake=0 (sermaye / max açık / Kelly)
⚠️  ATAUSDT: compute_stake=0 (sermaye / max açık / Kelly)
⚠️  FIGHTUSDT: compute_stake=0 (sermaye / max açık / Kelly)
⚠️  CETUSUSDT: compute_stake=0 (sermaye / max açık / Kelly)
⚠️  BBUSDT: compute_stake=0 (sermaye / max açık / Kelly)
⚠️  ATAUSDT: compute_stake=0 (sermaye / max açık / Kelly)
⚠️  CETUSUSDT: compute_stake=0 (sermaye / max açık / Kelly)
⚠️  FIGHTUSDT: compute_stake=0 (sermaye / max açık / Kelly)
⚠️  1000CATUSDT: compute_stake=0 (sermaye / max açık / Kelly)
⚠️  JTOUSDT: compute_stake=0 (sermaye / max açık / Kelly)
⚠️  PENGUUSDT: compute_stake=0 (sermaye / max açık / Kelly)
⚠️  NILUSDT: compute_stake=0 (sermaye / max açık / Kelly)
⚠️  ATAUSDT: compute_stake=0 (sermaye / max açık / Kelly)
⚠️  CETUSUSDT: compute_stake=0 (sermaye / max açık / Kelly)
⚠️  FIGHTUSDT: compute_stake=0 (sermaye / max açık / Kelly)
⚠️  1000CATUSDT: compute_stake=0 (sermaye / max açık / Kelly)
⚠️  JTOUSDT: compute_stake=0 (sermaye / max açık / Kelly)
⚠️  PENGUUSDT: compute_stake=0 (sermaye / max açık / Kelly)
⚠️  NILUSDT: compute_stake=0 (sermaye / max açık / Kelly)
⚠️  CETUSUSDT: compute_stake=0 (sermaye / max açık / Kelly)
⚠️  1000CATUSDT: compute_stake=0 (sermaye / max açık / Kelly)
⚠️  PENGUUSDT: compute_stake=0 (sermaye / max açık / Kelly)
⚠️  JTOUSDT: compute_stake=0 (sermaye / max açık / Kelly)
⚠️  NILUSDT: compute_stake=0 (sermaye / max açık / Kelly)
⚠️  ATAUSDT: compute_stake=0 (sermaye / max açık / Kelly)
⚠️  CETUSUSDT: compute_stake=0 (sermaye / max açık / Kelly)
⚠️  JTOUSDT: compute_stake=0 (sermaye / max açık / Kelly)
⚠️  1000CATUSDT: compute_stake=0 (sermaye / max açık / Kelly)
⚠️  ATAUSDT: compute_stake=0 (sermaye / max açık / Kelly)
⚠️  CETUSUSDT: compute_stake=0 (sermaye / max açık / Kelly)
⚠️  JTOUSDT: compute_stake=0 (sermaye / max açık / Kelly)
⚠️  1000CATUSDT: compute_stake=0 (sermaye / max açık / Kelly)
⚠️  ATAUSDT: compute_stake=0 (sermaye / max açık / Kelly)
⚠️  CETUSUSDT: compute_stake=0 (sermaye / max açık / Kelly)
⚠️  JTOUSDT: compute_stake=0 (sermaye / max açık / Kelly)
⚠️  1000CATUSDT: compute_stake=0 (sermaye / max açık / Kelly)
INFO:     connection closed
⚠️  ONEUSDT: compute_stake=0 (sermaye / max açık / Kelly)
⚠️  UMAUSDT: compute_stake=0 (sermaye / max açık / Kelly)
⚠️  ONEUSDT: compute_stake=0 (sermaye / max açık / Kelly)
⚠️  UMAUSDT: compute_stake=0 (sermaye / max açık / Kelly)
⚠️  NAORISUSDT: compute_stake=0 (sermaye / max açık / Kelly)
⚠️  UMAUSDT: compute_stake=0 (sermaye / max açık / Kelly)
⚠️  ONEUSDT: compute_stake=0 (sermaye / max açık / Kelly)
⚠️  WIFUSDT: compute_stake=0 (sermaye / max açık / Kelly)
⚠️  NAORISUSDT: compute_stake=0 (sermaye / max açık / Kelly)
⚠️  UMAUSDT: compute_stake=0 (sermaye / max açık / Kelly)
⚠️  WIFUSDT: compute_stake=0 (sermaye / max açık / Kelly)
⚠️  ONEUSDT: compute_stake=0 (sermaye / max açık / Kelly)
⚠️  FIGHTUSDT: compute_stake=0 (sermaye / max açık / Kelly)
INFO:     127.0.0.1:64600 - "WebSocket /ws" [accepted]
INFO:     connection open
⚠️  NAORISUSDT: compute_stake=0 (sermaye / max açık / Kelly)
⚠️  UMAUSDT: compute_stake=0 (sermaye / max açık / Kelly)
⚠️  WIFUSDT: compute_stake=0 (sermaye / max açık / Kelly)
⚠️  ONEUSDT: compute_stake=0 (sermaye / max açık / Kelly)
⚠️  FIGHTUSDT: compute_stake=0 (sermaye / max açık / Kelly)
  ✓ Borsa kapanış TAGUSDT TP qty=688325.0
✅ Closed #54: TAGUSDT | $1.19
  ✓ Borsa kapanış PLAYUSDT TP qty=6332.0
✅ Closed #58: PLAYUSDT | $1.05
  ✓ Borsa emri #131509907 LONG NAORISUSDT 3x qty=42619.0
✅ LONG NAORISUSDT @ $0.04 | 3x | stake=$501 | kelly_raw=$1000 | score=0.63
🤖 Demo emir: NAORISUSDT LONG Δ+0.59%
⚠️  UMAUSDT: compute_stake=0 (sermaye / max açık / Kelly)
⚠️  WIFUSDT: compute_stake=0 (sermaye / max açık / Kelly)
⚠️  GUAUSDT: compute_stake=0 (sermaye / max açık / Kelly)
⚠️  NILUSDT: compute_stake=0 (sermaye / max açık / Kelly)
⚠️  HUSDT: compute_stake=0 (sermaye / max açık / Kelly)
⚠️  GUAUSDT: compute_stake=0 (sermaye / max açık / Kelly)
⚠️  NILUSDT: compute_stake=0 (sermaye / max açık / Kelly)
⚠️  HUSDT: compute_stake=0 (sermaye / max açık / Kelly)
⚠️  DOGSUSDT: compute_stake=0 (sermaye / max açık / Kelly)
⚠️  NILUSDT: compute_stake=0 (sermaye / max açık / Kelly)
⚠️  USELESSUSDT: compute_stake=0 (sermaye / max açık / Kelly)
⚠️  USELESSUSDT: compute_stake=0 (sermaye / max açık / Kelly)
⚠️  BBUSDT: compute_stake=0 (sermaye / max açık / Kelly)
⚠️  DOGSUSDT: compute_stake=0 (sermaye / max açık / Kelly)
⚠️  USELESSUSDT: compute_stake=0 (sermaye / max açık / Kelly)
⚠️  1000CHEEMSUSDT: compute_stake=0 (sermaye / max açık / Kelly)
⚠️  BBUSDT: compute_stake=0 (sermaye / max açık / Kelly)
⚠️  EDUUSDT: compute_stake=0 (sermaye / max açık / Kelly)
⚠️  BBUSDT: compute_stake=0 (sermaye / max açık / Kelly)
⚠️  EDUUSDT: compute_stake=0 (sermaye / max açık / Kelly)
⚠️  EDUUSDT: compute_stake=0 (sermaye / max açık / Kelly)
⚠️  ALTUSDT: compute_stake=0 (sermaye / max açık / Kelly)
⚠️  BBUSDT: compute_stake=0 (sermaye / max açık / Kelly)
⚠️  SYSUSDT: compute_stake=0 (sermaye / max açık / Kelly)
⚠️  EDUUSDT: compute_stake=0 (sermaye / max açık / Kelly)
⚠️  ALTUSDT: compute_stake=0 (sermaye / max açık / Kelly)
⚠️  BBUSDT: compute_stake=0 (sermaye / max açık / Kelly)
⚠️  SYSUSDT: compute_stake=0 (sermaye / max açık / Kelly)
⚠️  SYSUSDT: compute_stake=0 (sermaye / max açık / Kelly)
⚠️  NILUSDT: compute_stake=0 (sermaye / max açık / Kelly)
⚠️  EDUUSDT: compute_stake=0 (sermaye / max açık / Kelly)
⚠️  BBUSDT: compute_stake=0 (sermaye / max açık / Kelly)
⚠️  SXPUSDT: compute_stake=0 (sermaye / max açık / Kelly)
⚠️  SYSUSDT: compute_stake=0 (sermaye / max açık / Kelly)
⚠️  SYSUSDT: compute_stake=0 (sermaye / max açık / Kelly)
⚠️  NILUSDT: compute_stake=0 (sermaye / max açık / Kelly)
⚠️  EDUUSDT: compute_stake=0 (sermaye / max açık / Kelly)
⚠️  BBUSDT: compute_stake=0 (sermaye / max açık / Kelly)
⚠️  SYSUSDT: compute_stake=0 (sermaye / max açık / Kelly)
⚠️  SXPUSDT: compute_stake=0 (sermaye / max açık / Kelly)
⚠️  SXPUSDT: compute_stake=0 (sermaye / max açık / Kelly)
⚠️  SYSUSDT: compute_stake=0 (sermaye / max açık / Kelly)
⚠️  ALTUSDT: compute_stake=0 (sermaye / max açık / Kelly)
⚠️  BERAUSDT: compute_stake=0 (sermaye / max açık / Kelly)
⚠️  NILUSDT: compute_stake=0 (sermaye / max açık / Kelly)
⚠️  EDUUSDT: compute_stake=0 (sermaye / max açık / Kelly)
⚠️  SYSUSDT: compute_stake=0 (sermaye / max açık / Kelly)
⚠️  SYSUSDT: compute_stake=0 (sermaye / max açık / Kelly)
⚠️  SXPUSDT: compute_stake=0 (sermaye / max açık / Kelly)
⚠️  SXPUSDT: compute_stake=0 (sermaye / max açık / Kelly)
⚠️  NILUSDT: compute_stake=0 (sermaye / max açık / Kelly)
  ✓ Borsa kapanış NAORISUSDT TP qty=42619.0
✅ Closed #59: NAORISUSDT | $2.75
  ✓ Borsa emri #96874046 SHORT EDUUSDT 3x qty=16015.0
✅ SHORT EDUUSDT @ $0.05 | 3x | stake=$250 | kelly_raw=$0 | score=0.61
🤖 Demo emir: EDUUSDT SHORT Δ-0.49%
⚠️  SYSUSDT: compute_stake=0 (sermaye / max açık / Kelly)
⚠️  SYSUSDT: compute_stake=0 (sermaye / max açık / Kelly)
⚠️  SXPUSDT: compute_stake=0 (sermaye / max açık / Kelly)
⚠️  SXPUSDT: compute_stake=0 (sermaye / max açık / Kelly)
⚠️  NILUSDT: compute_stake=0 (sermaye / max açık / Kelly)
⚠️  SXPUSDT: compute_stake=0 (sermaye / max açık / Kelly)
⚠️  GUAUSDT: compute_stake=0 (sermaye / max açık / Kelly)
⚠️  NILUSDT: compute_stake=0 (sermaye / max açık / Kelly)
⚠️  PROMPTUSDT: compute_stake=0 (sermaye / max açık / Kelly)
⚠️  GUAUSDT: compute_stake=0 (sermaye / max açık / Kelly)
⚠️  DOGSUSDT: compute_stake=0 (sermaye / max açık / Kelly)
⚠️  USELESSUSDT: compute_stake=0 (sermaye / max açık / Kelly)
  ✓ Borsa kapanış LABUSDT SL qty=174.4
✅ Closed #41: LABUSDT | $-6.29
  ✓ Borsa emri #98773162 LONG MBOXUSDT 3x qty=128679.0
✅ LONG MBOXUSDT @ $0.01 | 3x | stake=$496 | kelly_raw=$1000 | score=0.63
🤖 Demo emir: MBOXUSDT LONG Δ+0.60%
⚠️  USELESSUSDT: compute_stake=0 (sermaye / max açık / Kelly)
  ✓ Borsa kapanış MBOXUSDT TP qty=128679.0
✅ Closed #61: MBOXUSDT | $4.28
  ✓ Borsa emri #109690202 LONG USELESSUSDT 3x qty=22526.0
✅ LONG USELESSUSDT @ $0.07 | 3x | stake=$496 | kelly_raw=$1000 | score=0.61
🤖 Demo emir: USELESSUSDT LONG Δ+0.44%
⚠️  SYSUSDT: compute_stake=0 (sermaye / max açık / Kelly)
⚠️  RONINUSDT: compute_stake=0 (sermaye / max açık / Kelly)
  ✓ Borsa kapanış USELESSUSDT TP qty=22526.0
✅ Closed #62: USELESSUSDT | $2.91
  ✓ Borsa emri #95560114 LONG SYSUSDT 3x qty=370641.0
✅ LONG SYSUSDT @ $0.00 | 3x | stake=$496 | kelly_raw=$1000 | score=0.59
🤖 Demo emir: SYSUSDT LONG Δ+0.32%
⚠️  RONINUSDT: compute_stake=0 (sermaye / max açık / Kelly)
⚠️  PROMPTUSDT: compute_stake=0 (sermaye / max açık / Kelly)
⚠️  PROMPTUSDT: compute_stake=0 (sermaye / max açık / Kelly)
⚠️  PROMPTUSDT: compute_stake=0 (sermaye / max açık / Kelly)
⚠️  PROMPTUSDT: compute_stake=0 (sermaye / max açık / Kelly)
⚠️  HUSDT: compute_stake=0 (sermaye / max açık / Kelly)
⚠️  HUSDT: compute_stake=0 (sermaye / max açık / Kelly)
⚠️  HUSDT: compute_stake=0 (sermaye / max açık / Kelly)
⚠️  HUSDT: compute_stake=0 (sermaye / max açık / Kelly)
⚠️  HUSDT: compute_stake=0 (sermaye / max açık / Kelly)
⚠️  HEIUSDT: compute_stake=0 (sermaye / max açık / Kelly)
⚠️  GUAUSDT: compute_stake=0 (sermaye / max açık / Kelly)
⚠️  AIUSDT: compute_stake=0 (sermaye / max açık / Kelly)
⚠️  NILUSDT: compute_stake=0 (sermaye / max açık / Kelly)
⚠️  BERAUSDT: compute_stake=0 (sermaye / max açık / Kelly)
⚠️  HUSDT: compute_stake=0 (sermaye / max açık / Kelly)
⚠️  HEIUSDT: compute_stake=0 (sermaye / max açık / Kelly)
⚠️  GUAUSDT: compute_stake=0 (sermaye / max açık / Kelly)
⚠️  HUSDT: compute_stake=0 (sermaye / max açık / Kelly)
⚠️  DEGENUSDT: compute_stake=0 (sermaye / max açık / Kelly)
⚠️  GUAUSDT: compute_stake=0 (sermaye / max açık / Kelly)
⚠️  HEIUSDT: compute_stake=0 (sermaye / max açık / Kelly)
⚠️  BERAUSDT: compute_stake=0 (sermaye / max açık / Kelly)
⚠️  HUSDT: compute_stake=0 (sermaye / max açık / Kelly)
⚠️  DEGENUSDT: compute_stake=0 (sermaye / max açık / Kelly)
⚠️  HEIUSDT: compute_stake=0 (sermaye / max açık / Kelly)
⚠️  GUAUSDT: compute_stake=0 (sermaye / max açık / Kelly)
⚠️  HUSDT: compute_stake=0 (sermaye / max açık / Kelly)
⚠️  DEGENUSDT: compute_stake=0 (sermaye / max açık / Kelly)
⚠️  HEIUSDT: compute_stake=0 (sermaye / max açık / Kelly)
⚠️  GUAUSDT: compute_stake=0 (sermaye / max açık / Kelly)
⚠️  HUSDT: compute_stake=0 (sermaye / max açık / Kelly)
⚠️  DEGENUSDT: compute_stake=0 (sermaye / max açık / Kelly)
⚠️  NILUSDT: compute_stake=0 (sermaye / max açık / Kelly)
⚠️  HUSDT: compute_stake=0 (sermaye / max açık / Kelly)
⚠️  DEGENUSDT: compute_stake=0 (sermaye / max açık / Kelly)
⚠️  NILUSDT: compute_stake=0 (sermaye / max açık / Kelly)
⚠️  DEGENUSDT: compute_stake=0 (sermaye / max açık / Kelly)
⚠️  ATAUSDT: compute_stake=0 (sermaye / max açık / Kelly)
⚠️  DEGENUSDT: compute_stake=0 (sermaye / max açık / Kelly)
⚠️  ATAUSDT: compute_stake=0 (sermaye / max açık / Kelly)
⚠️  DEGENUSDT: compute_stake=0 (sermaye / max açık / Kelly)
⚠️  GLMUSDT: compute_stake=0 (sermaye / max açık / Kelly)
⚠️  ATAUSDT: compute_stake=0 (sermaye / max açık / Kelly)
⚠️  AIUSDT: compute_stake=0 (sermaye / max açık / Kelly)
⚠️  GLMUSDT: compute_stake=0 (sermaye / max açık / Kelly)
  ✓ Borsa kapanış SYSUSDT TP qty=370641.0
✅ Closed #63: SYSUSDT | $5.18
INFO:     Shutting down
INFO:     connection closed
INFO:     Waiting for application shutdown.
INFO:     Application shutdown complete.
INFO:     Finished server process [91241]
━━━━━━━━━━━━━━━━━━━━━━━━━━━━━━━━━━━━━━━━━━━━━━━━━━━━━━━━━━━━━━━━━━━━━━━━━━━━━━━━
🚀 BINANCE FUTURES ELITE PRO — senaryo: binance_elite_8300_9005.env
━━━━━━━━━━━━━━━━━━━━━━━━━━━━━━━━━━━━━━━━━━━━━━━━━━━━━━━━━━━━━━━━━━━━━━━━━━━━━━━━
📡 Access: http://localhost:9005
💰 STARTING_BALANCE: $4,723 | ELITE_MAX_OPEN: 9
📐 TP: ELITE_TP_STAKE_PCT=0.007 × ELITE_TP_TRIGGER_FRAC=1.0 | SL: ELITE_SL_STAKE_PCT=0.022
🔧 Mode: DEMO canlı emir (demo-fapi) | watchlist: 26 sembol
━━━━━━━━━━━━━━━━━━━━━━━━━━━━━━━━━━━━━━━━━━━━━━━━━━━━━━━━━━━━━━━━━━━━━━━━━━━━━━━━
INFO:     Started server process [92598]
INFO:     Waiting for application startup.
  📦 Kapanmış işlem DB: 52 kayıt (46 kazanç) → binance_elite_8300_9005_state.db
  ↻ Senkron: SHORT SWELLUSDT qty=491204.0 lev=3x
  ↻ Senkron: SHORT SXPUSDT qty=852893.0 lev=3x
  ↻ Senkron: SHORT HIGHUSDT qty=4001.4 lev=3x
  ↻ Senkron: SHORT EDUUSDT qty=16015.0 lev=3x
  ↻ Senkron: LONG RAREUSDT qty=46526.0 lev=3x
  ↻ Senkron: LONG QUSDT qty=86440.0 lev=3x
  ↻ Senkron: SHORT WLDUSDT qty=3062.0 lev=3x
  ✓ Demo cüzdan: $4,722.75 USDT (kullanılabilir $2,583.73) | canlı emir AÇIK
  📡 Mark WS (!markPrice@arr) — 26 sembol evreni
INFO:     Application startup complete.
INFO:     Uvicorn running on http://0.0.0.0:9005 (Press CTRL+C to quit)
INFO:     127.0.0.1:64685 - "WebSocket /ws" [accepted]
INFO:     connection open
INFO:     127.0.0.1:64690 - "GET /api/live HTTP/1.1" 200 OK
INFO:     connection closed
INFO:     Shutting down
INFO:     Waiting for application shutdown.
INFO:     Application shutdown complete.
INFO:     Finished server process [92598]
━━━━━━━━━━━━━━━━━━━━━━━━━━━━━━━━━━━━━━━━━━━━━━━━━━━━━━━━━━━━━━━━━━━━━━━━━━━━━━━━
🚀 BINANCE FUTURES ELITE PRO — senaryo: binance_elite_8300_9005.env
━━━━━━━━━━━━━━━━━━━━━━━━━━━━━━━━━━━━━━━━━━━━━━━━━━━━━━━━━━━━━━━━━━━━━━━━━━━━━━━━
📡 Access: http://localhost:9005
💰 STARTING_BALANCE: $4,728 | ELITE_MAX_OPEN: 9
📐 TP: ELITE_TP_STAKE_PCT=0.007 × ELITE_TP_TRIGGER_FRAC=1.0 | SL: ELITE_SL_STAKE_PCT=0.022
🔧 Mode: DEMO canlı emir (demo-fapi) | watchlist: 26 sembol
━━━━━━━━━━━━━━━━━━━━━━━━━━━━━━━━━━━━━━━━━━━━━━━━━━━━━━━━━━━━━━━━━━━━━━━━━━━━━━━━
INFO:     Started server process [92746]
INFO:     Waiting for application startup.
  📦 Kapanmış işlem DB: 52 kayıt (46 kazanç) → binance_elite_8300_9005_state.db
  ↻ Senkron: SHORT SWELLUSDT qty=491204.0 lev=3x
  ↻ Senkron: SHORT SXPUSDT qty=852893.0 lev=3x
  ↻ Senkron: SHORT HIGHUSDT qty=4001.4 lev=3x
  ↻ Senkron: SHORT EDUUSDT qty=16015.0 lev=3x
  ↻ Senkron: LONG RAREUSDT qty=46526.0 lev=3x
  ↻ Senkron: LONG QUSDT qty=86440.0 lev=3x
  ↻ Senkron: SHORT WLDUSDT qty=3062.0 lev=3x
  ✓ Demo cüzdan: $4,727.93 USDT (kullanılabilir $2,583.73) | canlı emir AÇIK
  📡 Mark WS (!markPrice@arr) — 26 sembol evreni
INFO:     Application startup complete.
INFO:     Uvicorn running on http://0.0.0.0:9005 (Press CTRL+C to quit)
INFO:     127.0.0.1:64746 - "WebSocket /ws" [accepted]
INFO:     connection open
INFO:     127.0.0.1:64747 - "GET /api/live HTTP/1.1" 200 OK
INFO:     127.0.0.1:64776 - "WebSocket /ws" [accepted]
INFO:     connection open
INFO:     connection closed
INFO:     127.0.0.1:64818 - "WebSocket /ws" [accepted]
INFO:     connection open
INFO:     127.0.0.1:64815 - "GET / HTTP/1.1" 200 OK
INFO:     connection closed
INFO:     127.0.0.1:64824 - "WebSocket /ws" [accepted]
INFO:     connection open
INFO:     connection closed
INFO:     127.0.0.1:64816 - "GET / HTTP/1.1" 200 OK
INFO:     connection closed
INFO:     127.0.0.1:64830 - "WebSocket /ws" [accepted]
INFO:     connection open
  ✓ Borsa kapanış HIGHUSDT TP qty=4001.4
✅ Closed #66: HIGHUSDT | $1.62
  ✓ Borsa kapanış WLDUSDT TP qty=3062.0
✅ Closed #70: WLDUSDT | $2.49
  ⚠ SXPUSDT: kapanış emri gönderildi, pozisyon kısmen açık kalabilir
✅ Closed #65: SXPUSDT | $12.76
  ✓ Borsa kapanış EDUUSDT TP qty=16015.0
✅ Closed #67: EDUUSDT | $1.15
INFO:     127.0.0.1:64827 - "GET / HTTP/1.1" 200 OK
INFO:     connection closed
INFO:     127.0.0.1:64848 - "WebSocket /ws" [accepted]
INFO:     connection open
INFO:     127.0.0.1:64846 - "GET / HTTP/1.1" 200 OK
INFO:     connection closed
INFO:     127.0.0.1:64918 - "WebSocket /ws" [accepted]
INFO:     connection open
INFO:     127.0.0.1:64914 - "GET / HTTP/1.1" 200 OK
INFO:     connection closed
INFO:     127.0.0.1:64962 - "WebSocket /ws" [accepted]
INFO:     connection open
INFO:     127.0.0.1:64960 - "GET / HTTP/1.1" 200 OK
INFO:     connection closed
INFO:     127.0.0.1:65014 - "WebSocket /ws" [accepted]
INFO:     connection open
INFO:     127.0.0.1:65015 - "GET /api/live HTTP/1.1" 200 OK
INFO:     127.0.0.1:64960 - "GET /favicon.ico HTTP/1.1" 404 Not Found
INFO:     127.0.0.1:65031 - "WebSocket /ws" [accepted]
INFO:     connection open
INFO:     connection closed
INFO:     127.0.0.1:65055 - "GET /api/live HTTP/1.1" 200 OK
INFO:     127.0.0.1:65064 - "WebSocket /ws" [accepted]
INFO:     connection open
INFO:     connection closed
INFO:     127.0.0.1:65113 - "GET /api/live HTTP/1.1" 200 OK
INFO:     127.0.0.1:65114 - "GET /api/live HTTP/1.1" 200 OK
INFO:     127.0.0.1:65121 - "GET /api/live HTTP/1.1" 200 OK
INFO:     127.0.0.1:65147 - "GET / HTTP/1.1" 200 OK
INFO:     connection closed
INFO:     127.0.0.1:65150 - "WebSocket /ws" [accepted]
INFO:     connection open
INFO:     127.0.0.1:65147 - "GET / HTTP/1.1" 200 OK
INFO:     connection closed
INFO:     127.0.0.1:65153 - "WebSocket /ws" [accepted]
INFO:     connection open
INFO:     127.0.0.1:65147 - "GET /favicon.ico HTTP/1.1" 404 Not Found
INFO:     127.0.0.1:65148 - "GET / HTTP/1.1" 200 OK
INFO:     connection closed
INFO:     127.0.0.1:65181 - "WebSocket /ws" [accepted]
INFO:     connection open
INFO:     127.0.0.1:65179 - "GET / HTTP/1.1" 200 OK
INFO:     connection closed
INFO:     127.0.0.1:65208 - "WebSocket /ws" [accepted]
INFO:     connection open
INFO:     127.0.0.1:65209 - "GET /api/live HTTP/1.1" 200 OK
INFO:     127.0.0.1:65236 - "WebSocket /ws" [accepted]
INFO:     connection open
INFO:     127.0.0.1:65205 - "GET / HTTP/1.1" 200 OK
INFO:     connection closed
INFO:     127.0.0.1:65257 - "WebSocket /ws" [accepted]
INFO:     connection open
INFO:     connection closed
INFO:     127.0.0.1:65301 - "GET / HTTP/1.1" 200 OK
INFO:     connection closed
INFO:     127.0.0.1:65304 - "WebSocket /ws" [accepted]
INFO:     connection open
INFO:     127.0.0.1:65313 - "GET /api/live HTTP/1.1" 200 OK
INFO:     127.0.0.1:65385 - "GET / HTTP/1.1" 200 OK
INFO:     connection closed
INFO:     127.0.0.1:65385 - "GET /api/live HTTP/1.1" 200 OK
INFO:     127.0.0.1:65392 - "WebSocket /ws" [accepted]
INFO:     connection open
INFO:     127.0.0.1:65387 - "GET / HTTP/1.1" 200 OK
INFO:     connection closed
INFO:     127.0.0.1:65411 - "WebSocket /ws" [accepted]
INFO:     connection open
INFO:     127.0.0.1:65387 - "GET /api/live HTTP/1.1" 200 OK
INFO:     127.0.0.1:65408 - "GET / HTTP/1.1" 200 OK
INFO:     connection closed
INFO:     127.0.0.1:65408 - "GET /api/live HTTP/1.1" 200 OK
INFO:     127.0.0.1:65435 - "WebSocket /ws" [accepted]
INFO:     connection open
INFO:     127.0.0.1:65433 - "GET / HTTP/1.1" 200 OK
INFO:     connection closed
INFO:     127.0.0.1:65433 - "GET /api/live HTTP/1.1" 200 OK
INFO:     127.0.0.1:65491 - "WebSocket /ws" [accepted]
INFO:     connection open
INFO:     127.0.0.1:65488 - "GET / HTTP/1.1" 200 OK
INFO:     connection closed
INFO:     127.0.0.1:65513 - "WebSocket /ws" [accepted]
INFO:     connection open
INFO:     127.0.0.1:65488 - "GET /api/live HTTP/1.1" 200 OK
INFO:     connection closed
INFO:     Shutting down
INFO:     Waiting for application shutdown.
INFO:     Application shutdown complete.
INFO:     Finished server process [92746]
━━━━━━━━━━━━━━━━━━━━━━━━━━━━━━━━━━━━━━━━━━━━━━━━━━━━━━━━━━━━━━━━━━━━━━━━━━━━━━━━
🚀 BINANCE FUTURES ELITE PRO — senaryo: binance_elite_8300_9005.env
━━━━━━━━━━━━━━━━━━━━━━━━━━━━━━━━━━━━━━━━━━━━━━━━━━━━━━━━━━━━━━━━━━━━━━━━━━━━━━━━
📡 Access: http://localhost:9005
💰 STARTING_BALANCE: $4,765 | ELITE_MAX_OPEN: 9
📐 TP: ELITE_TP_STAKE_PCT=0.007 × ELITE_TP_TRIGGER_FRAC=1.0 | SL: ELITE_SL_STAKE_PCT=0.022
🔧 Mode: DEMO canlı emir (demo-fapi) | watchlist: 26 sembol
━━━━━━━━━━━━━━━━━━━━━━━━━━━━━━━━━━━━━━━━━━━━━━━━━━━━━━━━━━━━━━━━━━━━━━━━━━━━━━━━
INFO:     Started server process [94097]
INFO:     Waiting for application startup.
  📦 Kapanmış işlem DB: 56 kayıt (50 kazanç) → binance_elite_8300_9005_state.db
  ↻ Senkron: SHORT SWELLUSDT qty=491204.0 lev=3x
  ↻ Senkron: SHORT SXPUSDT qty=852893.0 lev=3x
  ↻ Senkron: LONG RAREUSDT qty=46526.0 lev=3x
  ↻ Senkron: LONG QUSDT qty=86440.0 lev=3x
  ✓ Demo cüzdan: $4,764.56 USDT (kullanılabilir $3,336.08) | canlı emir AÇIK
  📡 Mark WS (!markPrice@arr) — 26 sembol evreni
INFO:     Application startup complete.
INFO:     Uvicorn running on http://0.0.0.0:9005 (Press CTRL+C to quit)
INFO:     127.0.0.1:49247 - "WebSocket /ws" [accepted]
INFO:     connection open
INFO:     127.0.0.1:49251 - "GET /api/live HTTP/1.1" 200 OK
INFO:     127.0.0.1:49267 - "GET / HTTP/1.1" 200 OK
INFO:     connection closed
INFO:     127.0.0.1:49272 - "WebSocket /ws" [accepted]
INFO:     connection open
INFO:     127.0.0.1:49267 - "GET /api/live HTTP/1.1" 200 OK
  ⚠ SXPUSDT: kapanış emri gönderildi, pozisyon kısmen açık kalabilir
✅ Closed #72: SXPUSDT | $25.26
  ✓ Borsa kapanış QUSDT TP qty=86440.0
✅ Closed #74: QUSDT | $14.45
  ✓ Borsa kapanış SWELLUSDT STALE-TP qty=491204.0
✅ Closed #71: SWELLUSDT | $-0.13
INFO:     127.0.0.1:49450 - "GET / HTTP/1.1" 200 OK
INFO:     connection closed
INFO:     127.0.0.1:49453 - "WebSocket /ws" [accepted]
INFO:     connection open
INFO:     127.0.0.1:49450 - "GET /api/live HTTP/1.1" 200 OK
  ✓ Borsa kapanış RAREUSDT STALE-TP qty=46526.0
✅ Closed #73: RAREUSDT | $0.04
INFO:     127.0.0.1:49457 - "WebSocket /ws" [accepted]
INFO:     connection open
INFO:     connection closed
INFO:     127.0.0.1:49609 - "GET / HTTP/1.1" 200 OK
INFO:     connection closed
INFO:     127.0.0.1:49613 - "WebSocket /ws" [accepted]
INFO:     connection open
INFO:     127.0.0.1:49609 - "GET /api/live HTTP/1.1" 200 OK
INFO:     127.0.0.1:49659 - "GET / HTTP/1.1" 200 OK
INFO:     connection closed
INFO:     127.0.0.1:49663 - "WebSocket /ws" [accepted]
INFO:     connection open
INFO:     127.0.0.1:49659 - "GET /api/live HTTP/1.1" 200 OK
INFO:     127.0.0.1:49661 - "GET / HTTP/1.1" 200 OK
INFO:     connection closed
INFO:     127.0.0.1:49667 - "GET /favicon.ico HTTP/1.1" 404 Not Found
INFO:     127.0.0.1:49669 - "WebSocket /ws" [accepted]
INFO:     connection open
INFO:     127.0.0.1:49661 - "GET /api/live HTTP/1.1" 200 OK
INFO:     127.0.0.1:49678 - "GET / HTTP/1.1" 200 OK
INFO:     connection closed
INFO:     127.0.0.1:49679 - "GET /favicon.ico HTTP/1.1" 404 Not Found
INFO:     127.0.0.1:49686 - "WebSocket /ws" [accepted]
INFO:     connection open
INFO:     127.0.0.1:49678 - "GET /api/live HTTP/1.1" 200 OK
INFO:     127.0.0.1:49706 - "GET / HTTP/1.1" 200 OK
INFO:     connection closed
INFO:     127.0.0.1:49709 - "WebSocket /ws" [accepted]
INFO:     connection open
INFO:     127.0.0.1:49706 - "GET /api/live HTTP/1.1" 200 OK
INFO:     127.0.0.1:49706 - "GET / HTTP/1.1" 200 OK
INFO:     connection closed
INFO:     127.0.0.1:49713 - "WebSocket /ws" [accepted]
INFO:     connection open
INFO:     127.0.0.1:49706 - "GET /api/live HTTP/1.1" 200 OK
INFO:     127.0.0.1:49707 - "GET /favicon.ico HTTP/1.1" 404 Not Found
INFO:     127.0.0.1:49744 - "GET / HTTP/1.1" 200 OK
INFO:     connection closed
INFO:     127.0.0.1:49744 - "GET /api/live HTTP/1.1" 200 OK
INFO:     127.0.0.1:49747 - "WebSocket /ws" [accepted]
INFO:     connection open
INFO:     127.0.0.1:49744 - "GET /favicon.ico HTTP/1.1" 404 Not Found
INFO:     127.0.0.1:49745 - "GET / HTTP/1.1" 200 OK
INFO:     connection closed
INFO:     127.0.0.1:49745 - "GET /api/live HTTP/1.1" 200 OK
INFO:     127.0.0.1:49813 - "WebSocket /ws" [accepted]
INFO:     connection open
INFO:     Shutting down
INFO:     connection closed
INFO:     Waiting for application shutdown.
INFO:     Application shutdown complete.
INFO:     Finished server process [94097]
